Date,Open,High,Low,Close,Volume
1/3/17,27.0924,27.2199,26.8422,27.1761,118566653.9
1/4/17,27.1053,27.2629,27.0824,27.1462,87708543.29
1/5/17,27.1223,27.3426,27.0954,27.2867,92732044.45
1/6/17,27.3247,27.6476,27.2529,27.5858,132167526.3
1/9/17,27.5948,27.9457,27.5918,27.8381,135221858.4
1/10/17,27.7862,27.9338,27.6796,27.868,90550436.31
1/11/17,27.7783,28.0575,27.7474,28.0175,113037224.3
1/12/17,27.8142,27.9139,27.6576,27.9039,113993790.1
1/13/17,27.868,27.9877,27.7962,27.851,108547445.1
1/17/17,27.6896,28.1302,27.6596,28.0753,136451373.2
1/18/17,28.0753,28.19,28.0075,28.0733,96499038.64
1/19/17,27.9378,28.0973,27.9308,28.0255,101909420.3
1/20/17,28.1771,28.1771,28.0155,28.0753,121449548.6
1/23/17,28.0753,28.2668,28.0235,28.0973,83180115.62
1/24/17,27.9707,28.1003,27.9607,28.0673,96564217.85
1/25/17,28.1701,28.5669,28.1401,28.516,135371747.2
1/26/17,28.4632,28.6466,28.4502,28.529,108376120.1
1/27/17,28.5768,28.6267,28.4502,28.532,85992524.98
1/30/17,28.2927,28.4532,28.2299,28.4532,127126911.1
1/31/17,28.3446,28.4004,28.2199,28.3934,170583673.5
2/1/17,29.7184,30.5309,29.7124,30.1211,471284046.8
2/2/17,29.9416,30.2707,29.8948,30.0753,137313849
2/3/17,30.0214,30.2228,29.9896,30.1949,104748823.7
2/6/17,30.2079,30.5329,30.156,30.489,111621182.2
2/7/17,30.5428,30.8987,30.5229,30.7702,154881643.6
2/8/17,30.7332,30.9317,30.7004,30.8858,91735706.64
2/9/17,30.9317,31.1241,30.802,31.1201,102285850
2/10/17,31.1301,31.2397,31.0303,31.0473,82225880.85
2/13/17,31.2716,31.4411,31.1968,31.3244,94108862.27
2/14/17,31.3644,31.7431,31.3145,31.7253,132181973.3
2/15/17,31.8459,32.0203,31.6335,31.8429,143129857.1
2/16/17,31.8827,31.9306,31.6833,31.8059,91659159.87
2/17/17,31.7451,31.9157,31.7451,31.8937,89909004.76
2/21/17,32.0104,32.137,31.9505,32.124,93339666.19
2/22/17,32.0602,32.2227,31.9824,32.2198,74887038.88
2/23/17,32.2815,32.3015,32.0283,32.0752,79190113.27
2/24/17,31.9336,32.115,31.7901,32.115,90342536.1
2/27/17,32.2247,32.2915,32.0223,32.1758,81443774.51
2/28/17,32.2128,32.2915,32.124,32.1898,90007085.01
3/1/17,32.4012,32.9326,32.3314,32.8508,148952701
3/2/17,32.8966,32.9644,32.6015,32.6494,108811209.2
3/3/17,32.6065,32.8588,32.5637,32.8488,85030661.01
3/6/17,32.7461,32.8468,32.5637,32.7411,80622173.07
3/7/17,32.6733,32.8906,32.6095,32.785,71017213.98
3/8/17,32.6464,32.8508,32.6165,32.6594,76475799.2
3/9/17,32.5965,32.6095,32.2058,32.5836,87730817.02
3/10/17,32.7212,32.7431,32.5737,32.6933,78680978.02
3/13/17,32.6993,32.7631,32.6165,32.7092,74142232.97
3/14/17,32.7332,32.8169,32.6195,32.6564,65151345.24
3/15/17,32.7591,33.0741,32.6634,33.0073,109337435.4
3/16/17,33.0661,33.1359,32.9584,33.0592,81846320.63
3/17/17,33.1319,33.1319,32.8708,32.8936,161464826.6
3/20/17,32.9934,33.2475,32.9515,33.2407,91677244.87
3/21/17,33.3971,33.5536,32.8368,32.8608,168228893.7
3/22/17,32.8608,33.2705,32.8438,33.2307,110054051.6
3/23/17,33.1937,33.2645,33.0422,33.112,86588506.32
3/24/17,33.2475,33.3045,32.9804,33.0492,91161862.62
3/27/17,32.7531,33.1838,32.5697,33.102,94560707.3
3/28/17,33.109,33.8468,33.0442,33.7899,139402003.9
3/29/17,33.76,33.9525,33.6444,33.8627,119385270.3
3/30/17,33.8797,33.9545,33.7182,33.8198,79588641.17
3/31/17,33.77,33.8996,33.6045,33.755,79977263.94
4/3/17,33.767,33.8627,33.6144,33.765,85053934.79
4/4/17,33.6584,34.0481,33.6384,34.0183,82688542.78
4/5/17,33.8867,34.1787,33.7929,33.8428,114974527.5
4/6/17,33.9046,33.9595,33.7062,33.755,86380023.34
4/7/17,33.773,33.8767,33.6614,33.6782,70952491.16
4/10/17,33.7401,33.8069,33.5776,33.6384,71011163.58
4/11/17,33.5876,33.6812,32.9096,33.2775,129286625.7
4/12/17,33.2705,33.4041,33.1339,33.3203,84603490.01
4/13/17,33.3473,33.4589,33.1439,33.1439,72952299.46
4/17/17,33.2426,33.3403,33.099,33.3273,66496161.74
4/18/17,33.2277,33.3802,33.1589,33.1788,59852764.58
4/19/17,33.3403,33.3702,33.0053,33.0562,70301241.75
4/20/17,33.1838,33.5826,33.1689,33.4719,95281209.3
4/21/17,33.4719,33.5268,33.3323,33.434,70773600.17
4/24/17,33.7182,33.8248,33.6414,33.75,72851650.39
4/25/17,33.8149,34.0511,33.8049,33.9624,79463066.3
4/26/17,33.9465,33.9793,33.6882,33.76,85186760.7
4/27/17,33.8168,33.8727,33.6713,33.787,60463987.27
4/28/17,33.8567,33.9066,33.6614,33.753,88776191.94
5/1/17,34.094,34.5935,34.0631,34.444,142682410.4
5/2/17,34.6723,34.7949,34.5058,34.6643,189093832.7
5/3/17,34.2087,34.6593,33.8996,34.5606,194102367.4
5/4/17,34.428,34.5805,34.2585,34.431,99355672.49
5/5/17,34.4878,35.0082,34.4878,35.0032,116299606
5/8/17,35.0182,36.1149,35.0182,35.9534,207186857.5
5/9/17,36.1577,36.389,36.055,36.1876,166109781.6
5/10/17,36.0989,36.1747,35.739,36.0102,109715356.7
5/11/17,35.9703,36.3481,35.9354,36.3212,115447308.2
5/12/17,36.4967,36.9114,36.4887,36.8317,137449809.4
5/15/17,36.8117,36.9623,36.5844,36.736,109834263.2
5/16/17,36.7938,36.8237,36.5016,36.6841,84748886.15
5/17/17,36.2445,36.4678,35.3223,35.4509,214793505.8
5/18/17,35.6891,36.1827,35.6612,35.9932,142270248.1
5/19/17,36.1926,36.3292,36.0102,36.1139,113960102.7
5/22/17,36.3331,36.4698,36.077,36.3312,97201537.9
5/23/17,36.5466,36.5466,36.1747,36.2943,84378988.32
5/24/17,36.3023,36.3711,36.0201,36.1827,81403693.63
5/25/17,36.2773,36.4169,36.1059,36.3093,81455126.03
5/26/17,36.3331,36.389,36.1747,36.2475,92783607.25
5/30/17,36.2025,36.4369,36.1807,36.2623,85269235.5
5/31/17,36.3262,36.3711,35.9534,36.0401,103649620.1
6/1/17,36.1407,36.1807,35.9154,36.1427,69441094.1
6/2/17,36.2425,36.6812,36.073,36.6812,117417247.6
6/5/17,36.4139,36.4408,36.2125,36.3193,107162455.4
6/6/17,36.3113,36.7628,36.2903,36.4408,112711785.6
6/7/17,36.5764,36.8037,36.4458,36.6612,89089416.44
6/8/17,36.6312,36.701,36.4289,36.5684,89624610.93
6/9/17,36.6164,36.6164,34.4539,35.1488,274589906
6/12/17,34.3872,34.4708,33.6214,34.3094,306013078
6/13/17,34.7221,34.7879,34.2466,34.5935,144509405.2
6/14/17,34.7999,34.7999,33.9365,34.2466,133318141.3
6/15/17,33.8149,34.09,33.5536,34.0481,134193029.8
6/16/17,33.9245,34.094,33.5506,33.5676,213046963.7
6/19/17,33.8946,34.6274,33.8946,34.5307,137600143.6
6/20/17,34.6563,34.6563,34.1967,34.2136,105473623.8
6/21/17,34.3352,34.4658,34.1189,34.418,90129418.02
6/22/17,34.395,34.6204,34.2386,34.3622,80891594.37
6/23/17,34.2406,34.7221,34.2366,34.5157,150134143.7
6/26/17,34.7241,34.9863,34.2994,34.406,108834616.4
6/27/17,34.2136,34.4878,33.8847,33.9125,104817666.1
6/28/17,34.092,34.4758,33.777,34.408,93478930.68
6/29/17,34.1409,34.2406,33.5696,33.8996,133311903.3
6/30/17,34.0821,34.2007,33.9245,33.9823,97497043.52
7/3/17,34.1807,34.2794,33.763,33.8567,60512981.26
7/5/17,33.9026,34.1608,33.6742,33.9983,91339215.94
7/6/17,33.7431,33.8567,33.6015,33.6742,102187069.6
7/7/17,33.7162,34.1508,33.7162,34.0213,79336071.12
7/10/17,34.0033,34.436,33.8268,34.2266,89345282.51
7/11/17,34.1469,34.414,34.0681,34.3372,83589959.93
7/12/17,34.418,34.4908,34.1688,34.3872,105377382.1
7/13/17,34.3293,35.0332,34.3154,34.8647,106301406
7/14/17,34.9115,35.2355,34.7609,35.1648,85261694.57
7/17/17,35.109,35.6084,35.0531,35.2904,100745490.8
7/18/17,35.2046,35.4219,35.076,35.412,75654187.73
7/19/17,35.5037,35.727,35.3791,35.6343,88624489.62
7/20/17,35.744,35.8018,35.4349,35.4718,72899629.29
7/21/17,35.3891,35.4937,35.1248,35.4539,106469879.4
7/24/17,35.5297,35.9673,35.3691,35.8866,90991645
7/25/17,35.8168,36.3023,35.8168,36.0371,79806207.77
7/26/17,36.1847,36.3193,36.1139,36.2125,66686106.35
7/27/17,36.2823,36.3312,34.7529,35.5237,137463258.3
7/28/17,35.3661,35.4449,35.2016,35.2774,72881916.43
7/31/17,35.3691,35.4698,34.9484,35.089,83551943.32
8/1/17,35.1787,35.4429,35.0162,35.404,144679679
8/2/17,37.5883,37.6911,36.8456,37.0749,295561211.5
8/3/17,37.0529,37.0919,36.5764,36.706,112842258.4
8/4/17,36.8257,37.1327,36.734,36.9035,86973172.07
8/7/17,37.0559,37.5026,36.9673,37.4747,92519086.86
8/8/17,37.4238,38.1846,37.347,37.7629,153141186.9
8/9/17,37.5834,38.053,37.5485,38.0031,110467588.1
8/10/17,37.8745,37.8984,36.6282,36.7918,167425049.3
8/11/17,37.0919,37.5684,36.9703,37.3052,110764434.8
8/14/17,37.7389,37.9482,37.6033,37.8615,93193778.55
8/15/17,38.056,38.4168,37.9303,38.2752,124033400.9
8/16/17,38.357,38.4955,37.9333,38.1248,116617596.9
8/17/17,38.026,38.0679,37.389,37.395,116080960.1
8/18/17,37.395,37.7757,37.1188,37.3092,115666873.9
8/21/17,37.3092,37.402,36.741,37.2374,111202297.4
8/22/17,37.4846,37.8984,37.4338,37.8445,91056393.9
8/23/17,37.6791,38.013,37.6332,37.8944,81810324.17
8/24/17,38.0031,38.0758,37.5634,37.7259,83602914.32
8/25/17,37.8117,38.033,37.7259,37.8645,107515924.3
8/28/17,37.9303,38.3719,37.8815,38.2434,108488611.2
8/29/17,37.9233,38.6481,37.8984,38.5953,124361151.6
8/30/17,38.7976,38.8196,38.5205,38.698,114926894.6
8/31/17,38.7618,38.9662,38.7279,38.8446,112913622.4
9/1/17,39.033,39.0678,38.7588,38.8544,69976914.5
9/5/17,38.7877,38.9024,38.033,38.3899,124561810.8
9/6/17,38.5455,38.6152,38.026,38.35,91240152.7
9/7/17,38.3919,38.4298,37.9861,38.1995,92485255.98
9/8/17,38.1028,38.1726,37.5584,37.5814,120002214.4
9/11/17,38.02,38.3819,37.8715,38.2513,133053678.1
9/12/17,38.5205,38.8346,37.6083,38.1028,302302476.2
9/13/17,37.8675,37.8894,37.4069,37.8117,189417697.6
9/14/17,37.6591,37.7529,37.4498,37.4966,99799751.91
9/15/17,37.5435,38.1296,37.4278,37.8695,206224622.4
9/18/17,37.9263,38.02,37.4278,37.5913,118879610.6
9/19/17,37.7787,37.8415,37.5355,37.6013,86942362.38
9/20/17,37.405,37.4926,36.4369,36.9703,220367371.6
9/21/17,36.9084,36.9084,36.1847,36.3312,157763227.3
9/22/17,36.0072,36.067,35.6672,35.9802,196659029
9/25/17,35.5297,35.9653,35.3322,35.6642,187310268
9/26/17,35.9534,36.4558,35.9304,36.2803,154623630
9/27/17,36.4289,36.6482,36.3651,36.5316,107244502.9
9/28/17,36.4478,36.5446,36.1727,36.3093,92810378.66
9/29/17,36.2973,36.5066,36.0032,36.5046,110882290.2
10/2/17,36.5386,36.5864,36.1777,36.4309,78872083.16
10/3/17,36.4767,36.736,36.4528,36.5884,68471936.95
10/4/17,36.387,36.4408,36.1139,36.3501,84922845.15
10/5/17,36.5186,36.8217,36.4867,36.8087,89775206.89
10/6/17,36.708,36.8317,36.6114,36.7858,73396785.11
10/9/17,36.9114,37.1208,36.8317,36.9184,68575851.95
10/10/17,36.9673,37.4278,36.738,36.9333,65873890.45
10/11/17,36.9503,37.1796,36.8955,37.0799,71268342.65
10/12/17,37.0311,37.2773,36.8915,36.9543,69155558.8
10/13/17,37.1208,37.2554,37.046,37.1826,69124711
10/16/17,37.405,37.8984,37.347,37.8695,101726034.6
10/17/17,37.8445,38.1048,37.7159,38.013,80094917.72
10/18/17,38.0001,38.0679,37.8007,37.8396,68629112.91
10/19/17,37.1257,37.2055,36.721,36.9523,178943004.7
10/20/17,37.0949,37.369,36.9473,37.0061,100946997.6
10/23/17,37.1597,37.357,36.8337,36.9911,92708273.16
10/24/17,37.0161,37.2892,36.9961,37.2095,74463120.77
10/25/17,37.1656,37.3222,36.7788,37.046,89404287.94
10/26/17,37.2424,37.387,37.1327,37.2872,71484273.28
10/27/17,37.7309,38.7518,37.5953,38.6302,187447851.4
10/30/17,38.8196,39.8126,38.7807,39.4906,188711660.6
10/31/17,39.7717,40.1824,39.5404,40.0449,152177608.8
11/1/17,40.2373,40.2542,39.2313,39.5274,142007351.6
11/2/17,39.7089,39.9133,39.1506,39.8225,174748928.8
11/3/17,41.2173,41.2801,40.5324,40.8584,250761084
11/6/17,40.8265,41.4495,40.6789,41.2771,146813554
11/7/17,41.1954,41.4815,41.1954,41.4057,102744284.1
11/8/17,41.3738,41.7476,41.297,41.7476,102854871.3
11/9/17,41.4775,41.7158,41.0119,41.6629,124232189.5
11/10/17,41.628,41.6958,41.4277,41.5213,105712491.2
11/13/17,41.2472,41.4795,41.2222,41.3599,71338315.43
11/14/17,41.1396,41.2422,40.6959,40.7317,103870227
11/15/17,40.4038,40.4855,40.0319,40.1924,121988892.7
11/16/17,40.6959,40.8564,40.4815,40.6789,99297735.31
11/17/17,40.6629,40.7447,40.331,40.4486,92066152.51
11/20/17,40.4786,40.5443,40.311,40.4058,67480403.76
11/21/17,40.5992,41.294,40.5992,41.1614,105377060.2
11/22/17,41.2133,41.6001,41.1426,41.5901,107526027
11/24/17,41.626,41.7227,41.5173,41.5931,59003792.91
11/27/17,41.6131,41.6201,41.2083,41.3838,86624953.16
11/28/17,41.4346,41.5682,40.8534,41.1455,111067137.3
11/29/17,41.0378,41.1096,39.7388,40.2911,174467715.6
11/30/17,40.5134,40.9202,40.0479,40.8504,174531029.1
12/1/17,40.3988,40.8085,40.0618,40.6659,167150608.7
12/4/17,41.002,41.0358,40.328,40.3678,136772521.8
12/5/17,40.1874,40.7737,40.0379,40.331,114908536.8
12/6/17,39.8205,40.4586,39.5654,40.1854,119467716
12/7/17,40.1794,40.5154,40.1525,40.2512,107924538.9
12/8/17,40.5284,40.653,40.1296,40.2642,97993420.97
12/11/17,40.2223,41.1026,40.1226,41.0478,144143047.1
12/12/17,40.9232,40.979,40.7587,40.8135,81577479.1
12/13/17,41.0069,41.2572,40.8863,40.9531,98447678.34
12/14/17,40.982,41.1584,40.8035,40.9401,85993839.98
12/15/17,41.2771,41.4027,40.997,41.3599,168810705
12/18/17,41.5702,42.1195,41.5662,41.941,123621206.5
12/19/17,41.6081,41.6978,41.3838,41.4875,115235730.8
12/20/17,41.5682,41.7058,41.1884,41.4475,98672556.18
12/21/17,41.4027,41.8464,41.3867,41.6031,87710524.31
12/22/17,41.5243,41.7058,41.4795,41.6031,68738276.87
12/26/17,40.6031,40.7607,40.341,40.5473,139425973.8
12/27/17,40.4356,40.5992,40.348,40.5543,90357585.86
12/28/17,40.653,40.8504,40.5254,40.6729,69230949.06
12/29/17,40.5344,40.5523,40.2273,40.2293,109142442.5
1/2/18,40.4516,40.9591,40.2373,40.9501,107348246.4
1/3/18,41.0149,41.4915,40.8763,40.9431,123952741.7
1/4/18,41.0169,41.2402,40.9062,41.1366,94011555.36
1/5/18,41.2322,41.6928,41.1426,41.6001,99259454.9
1/8/18,41.4475,41.7476,41.3499,41.4575,86361811.96
1/9/18,41.4915,41.6161,41.2242,41.4416,90580286.08
1/10/18,41.1654,41.4346,41.1296,41.4317,100700120.9
1/11/18,41.5015,41.7198,41.4795,41.6699,78467926.14
1/12/18,41.8842,42.1594,41.7576,42.0926,106563652.5
1/16/18,42.289,42.646,41.8742,41.8862,124167737.5
1/17/18,41.8762,42.614,41.6181,42.5772,144154862.1
1/18/18,42.642,42.8154,42.3757,42.616,130783694.2
1/19/18,42.4615,42.6908,42.1693,42.4266,132420983.1
1/22/18,42.1445,42.2611,41.983,42.0767,113842027.6
1/23/18,42.1445,42.6588,42.0328,42.0856,136884010.9
1/24/18,42.1315,42.1445,41.1754,41.4147,216126289.8
1/25/18,41.4815,41.5881,40.5374,40.6809,174354106.1
1/26/18,40.8863,40.8863,40.4257,40.7707,164439547.6
1/29/18,40.4516,40.4516,39.7158,39.9292,212719136.8
1/30/18,39.3519,39.7886,39.1526,39.693,192256126.1
1/31/18,39.667,40.0479,39.5753,39.8036,135760435.1
2/1/18,39.7418,40.0887,39.64,39.8833,193180852.1
2/2/18,39.4636,39.65,38.0599,38.1546,361685318.8
2/5/18,37.8177,38.9522,37.0819,37.1975,303899830.7
2/6/18,36.8087,38.9163,36.6084,38.7568,287070610.1
2/7/18,38.7678,38.8426,37.8097,37.9163,216565561.6
2/8/18,38.1048,38.2713,36.8616,36.8855,227920902.5
2/9/18,37.4966,37.6861,35.8616,37.3372,295776972.6
2/12/18,37.8296,39.1177,37.5983,38.8346,254638156
2/13/18,38.6621,39.3281,38.5903,39.2293,136092774.8
2/14/18,38.9143,39.9921,38.8794,39.9511,169604974.3
2/15/18,40.5254,41.32,40.344,41.294,213311730.9
2/16/18,41.1435,41.7287,40.999,41.1584,168085463.6
2/20/18,41.0668,41.5931,40.9162,41.0189,142000131.7
2/21/18,41.2542,41.5583,40.8165,40.8305,156625994
2/22/18,41.0069,41.5193,40.985,41.1754,129685333.1
2/23/18,41.4515,41.9281,41.4217,41.8942,141538737.6
2/26/18,42.0926,42.8204,42.0597,42.7197,158616906.3
2/27/18,42.7486,43.0836,42.5312,42.5832,163087877.2
2/28/18,42.7885,43.1125,42.5044,42.5213,158286813.5
3/1/18,42.619,42.9091,41.2133,41.7736,204453971
3/2/18,41.2472,42.0807,41.1634,42.0597,161101345.3
3/5/18,41.8244,42.4266,41.6579,42.2013,118986423.4
3/6/18,42.4685,42.5512,42.0408,42.1644,99661031.07
3/7/18,41.7576,41.975,41.5961,41.7806,132820429.8
3/8/18,41.8892,42.2771,41.7906,42.2311,99600700.61
3/9/18,42.4814,42.9639,42.3399,42.9589,134838493.6
3/12/18,43.0367,43.5352,43.0167,43.3737,134930328.8
3/13/18,43.5821,43.8034,42.7825,42.9569,132778820.2
3/14/18,43.0437,43.0895,42.4445,42.594,123037597.8
3/15/18,42.609,43.0237,42.5084,42.644,95284264.59
3/16/18,42.644,42.7526,42.3977,42.4964,165084430.6
3/19/18,42.3229,42.3598,41.4515,41.8444,140123964.4
3/20/18,41.8324,42.1973,41.7576,41.8324,82320191.64
3/21/18,41.7836,41.7955,40.8763,40.8783,155240222
3/22/18,40.5762,41.2173,40.2442,40.306,173823977
3/23/18,40.1924,40.5573,39.3749,39.3749,171888511.4
3/26/18,40.1157,41.322,39.7288,41.2402,157277556.4
3/27/18,41.4545,41.8094,39.8405,40.1794,171443564.3
3/28/18,39.9213,40.5812,39.4317,39.7388,174568760.9
3/29/18,40.0578,40.995,39.8345,40.0519,160869057.9
4/2/18,40.0767,40.328,39.2603,39.7856,157468408.8
4/3/18,40.0179,40.2812,39.3599,40.1924,126848702.1
4/4/18,39.3599,41.0568,39.3321,40.962,144978368.3
4/5/18,41.1954,41.5861,41.0748,41.2472,112835588.1
4/6/18,40.8085,41.1714,40.1475,40.1894,146653317.7
4/9/18,40.5473,41.32,40.5374,40.5892,121568603.7
4/10/18,41.297,41.5283,40.9431,41.3569,119715772.3
4/11/18,41.1126,41.5113,40.982,41.1614,93976494.74
4/12/18,41.3907,41.7736,41.307,41.5633,95893776.08
4/13/18,41.7198,41.973,41.4945,41.7098,105257102.4
4/16/18,41.7806,42.0537,41.7307,41.968,90401957.8
4/17/18,42.1215,42.7127,42.1016,42.5482,111462470.5
4/18/18,42.4445,42.6828,42.2173,42.4515,86950336.63
4/19/18,41.7606,41.8663,41.2133,41.2472,145830133.5
4/20/18,40.7227,40.8663,39.4856,39.5554,274372606.2
4/23/18,39.8225,39.8405,39.1675,39.4447,152980187.3
4/24/18,39.5434,39.7019,38.4837,38.8864,141151404.7
4/25/18,38.8146,39.4836,38.7658,39.0609,118905644.8
4/26/18,39.1735,39.5574,38.992,39.1995,117149970.9
4/27/18,39.1446,39.2263,38.3401,38.7468,149378767.6
4/30/18,38.7059,39.9233,38.6381,39.4487,177748052.9
5/1/18,39.7218,40.3858,39.4517,40.3658,224426836.2
5/2/18,41.8264,42.4286,41.4815,42.1415,278764131.6
5/3/18,41.983,42.3678,41.638,42.2193,142727332
5/4/18,42.5512,43.9778,42.5342,43.8821,235453247.9
5/7/18,44.2012,44.7954,44.0974,44.1962,177848592.6
5/8/18,44.1534,44.4505,43.8423,44.4115,118992344.4
5/9/18,44.5281,44.7286,44.2112,44.7196,97242599.77
5/10/18,44.8133,45.4394,44.7914,45.3587,117260043.6
5/11/18,45.4025,45.5411,44.918,45.1891,109393252.2
5/14/18,45.2899,45.4125,45.0127,45.0825,86717476.52
5/15/18,44.7535,44.8252,44.3557,44.6707,98888626.23
5/16/18,44.586,45.1593,44.5681,45.0905,80057991.43
5/17/18,45.0456,45.2679,44.6538,44.8054,72174360.79
5/18/18,44.8552,45.0008,44.5999,44.6418,76363160.68
5/21/18,45.0456,45.3487,44.7854,44.9598,76793261.59
5/22/18,45.1393,45.2599,44.7535,44.8482,63605076.13
5/23/18,44.6508,45.1673,44.5103,45.1343,83711158.49
5/24/18,45.2331,45.2499,44.6179,45.0825,96963940.38
5/25/18,45.1024,45.4424,44.9628,45.1871,72871033.33
5/29/18,44.9519,45.2291,44.7754,45.0207,93959533.16
5/30/18,44.9808,45.0456,44.7535,44.928,78002539.93
5/31/18,44.8632,45.1024,44.6029,44.7754,114695824
6/1/18,45.0426,45.591,44.9888,45.585,97834228.88
6/4/18,45.9209,46.3456,45.8511,45.9667,109618425.9
6/5/18,46.2589,46.4722,46.0874,46.3188,90002712.72
6/6/18,46.3974,46.5052,45.9877,46.4812,87363709.67
6/7/18,46.5201,46.5351,46.0805,46.3556,89089647.14
6/8/18,45.8103,46.0057,45.4723,45.9369,111248648.3
6/11/18,45.8511,45.9977,45.578,45.8212,76407947.87
6/12/18,45.8611,46.1463,45.8053,46.0675,70576422.56
6/13/18,46.1004,46.214,45.6328,45.6976,90304991.93
6/14/18,45.901,45.9069,45.581,45.7216,90186799.51
6/15/18,45.5341,45.565,45.1104,45.2499,257576800.2
6/18/18,45.0157,45.3367,44.8582,45.2271,77144158.64
6/19/18,44.3627,44.6458,43.9579,44.4933,140135266.7
6/20/18,44.6508,44.8582,44.5033,44.6857,86091168.95
6/21/18,44.8712,45.1313,44.3158,44.4415,107305232.6
6/22/18,44.5979,44.6059,44.256,44.3108,113517484.7
6/25/18,43.946,44.3108,43.303,43.6499,132141767
6/26/18,43.8493,44.6937,43.7415,44.1912,102536326.7
6/27/18,44.3856,44.8782,44.0945,44.1244,105524996
6/28/18,44.1104,44.6179,44.0396,44.4505,72471518.43
6/29/18,44.6369,44.8552,43.8293,44.3557,94892653.73
7/2/18,44.0446,44.8831,43.9509,44.8532,73999427.71
7/3/18,44.9988,45.0326,43.9778,44.0676,58238545.84
7/5/18,44.3916,44.6658,44.1534,44.4275,69295654.83
7/6/18,44.4315,45.1543,44.3787,45.0386,72972376.51
7/9/18,45.4045,45.6926,45.3567,45.6677,82451714.6
7/10/18,45.7006,45.8342,45.571,45.6108,66519938.04
7/11/18,45.1673,45.4743,44.9539,45.0157,78590669.39
7/12/18,45.4125,45.8671,45.3587,45.7794,75292286.21
7/13/18,45.7913,45.9687,45.7465,45.8471,52249703.14
7/16/18,45.894,46.1562,45.6278,45.7494,62780446.48
7/17/18,45.4663,45.9767,45.3317,45.8771,64831292.98
7/18/18,45.9539,45.9589,45.5092,45.6228,68415620.7
7/19/18,45.4524,46.1323,45.4524,45.9787,84664091.3
7/20/18,45.9539,46.1034,45.568,45.8741,86413942.49
7/23/18,45.6926,45.9957,45.4195,45.9169,66729510.34
7/24/18,46.1063,46.4044,46.0177,46.244,78033224.24
7/25/18,46.2589,46.6876,46.1034,46.6797,70223118.19
7/26/18,46.6317,46.9568,46.3934,46.538,79611029.25
7/27/18,46.7205,46.7703,45.551,45.7664,100260887.2
7/30/18,45.9827,46.0485,45.3019,45.5042,87763998.93
7/31/18,45.598,46.0365,45.3656,45.595,164318201.5
8/1/18,47.7164,48.3435,47.2748,48.2857,283520777.3
8/2/18,48.0624,49.9317,48.0096,49.6945,260434938.6
8/3/18,49.6057,50.0174,49.2358,49.838,139588311.5
8/6/18,49.841,50.139,49.6157,50.0982,106109505.5
8/7/18,50.157,50.1969,49.5429,49.6247,106785590.4
8/8/18,49.3724,49.7961,49.0055,49.6585,94007158.99
8/9/18,49.6665,50.2637,49.6465,50.0514,98043390.92
8/10/18,49.8639,50.2766,49.6945,49.9038,102352656.1
8/13/18,49.9437,50.7233,49.9437,50.2188,107674559.7
8/14/18,50.5309,50.6296,50.0782,50.4371,86286476.87
8/15/18,50.3065,50.6734,50.0952,50.5528,119804414.9
8/16/18,50.9177,51.4102,50.8498,51.2925,118526842.8
8/17/18,51.3225,52.4052,51.2557,52.3154,147333205.2
8/20/18,52.441,52.7033,51.7242,51.807,125959962.5
8/21/18,52.132,52.2267,51.461,51.7073,108792747.1
8/22/18,51.481,52.0253,51.4172,51.7093,79092284.78
8/23/18,51.6126,52.1938,51.6006,51.8139,78531234.66
8/24/18,52.0851,52.1569,51.7242,51.9775,76839161.17
8/27/18,52.2167,52.5995,52.0183,52.4022,85359512.03
8/28/18,52.6613,53.0282,52.6425,52.8269,94723633.75
8/29/18,52.9336,53.7391,52.7561,53.6135,113346825.7
8/30/18,53.6793,54.8895,53.4749,54.1079,202922942.2
8/31/18,54.4639,55.0341,54.3373,54.734,180242226.5
9/4/18,54.9265,55.1049,54.4938,54.9145,113909619.1
9/5/18,55.0641,55.2266,54.1249,54.5516,138624562.8
9/6/18,54.3941,54.6662,53.2147,53.6434,142604579.8
9/7/18,53.3463,54.1917,53.0702,53.2147,156452638.9
9/10/18,53.13,53.3463,52.0533,52.4989,164340357.9
9/11/18,52.4191,53.9404,52.0751,53.8288,148672548.1
9/12/18,54.088,54.1039,52.8598,53.1598,204939599.7
9/13/18,53.746,54.9125,53.5157,54.44,173447785.1
9/14/18,54.2835,54.5436,53.5038,53.8258,133078108.3
9/17/18,53.4151,53.6065,52.2426,52.3882,154686496.1
9/18/18,52.3682,53.3463,52.2118,52.4769,131299913
9/19/18,52.5407,52.8079,51.7691,52.5088,112802145.4
9/20/18,52.9565,53.4449,52.6953,52.9036,110660208.9
9/21/18,53.088,53.2296,52.2486,52.3354,400269366.5
9/24/18,52.137,53.2047,52.0931,53.09,115170671.9
9/25/18,52.8369,53.5766,52.8269,53.4251,102116345.5
9/26/18,53.1419,53.8028,52.8398,53.0004,99747195.09
9/27/18,53.8208,54.4469,53.751,54.091,125517186
9/28/18,54.0511,54.3033,53.8706,54.2815,95358252.58
10/1/18,54.8138,55.1637,54.424,54.6434,98150620
10/2/18,54.6404,55.3034,54.4938,55.1308,103088625.2
10/3/18,55.3162,56.1398,55.2534,55.8038,119169101.9
10/4/18,55.4917,55.8716,54.5197,54.8238,133255737.5
10/5/18,54.8158,54.9265,53.0382,53.9385,139653865.8
10/8/18,53.4301,54.0541,52.9465,53.8088,123365828.9
10/9/18,53.776,54.6463,53.4351,54.5516,111833962.2
10/10/18,54.2137,54.424,51.9515,52.0253,174629610.9
10/11/18,51.5806,52.779,51.0573,51.5628,220932838.2
10/12/18,53.0004,53.5915,52.142,53.4051,167756383.9
10/15/18,53.1818,53.3423,52.2426,52.2656,128053127.7
10/16/18,52.6455,53.6165,52.122,53.4151,121369774
10/17/18,53.4499,53.5327,52.7421,53.1898,95175409.57
10/18/18,52.3822,52.8339,51.2167,51.9445,135498632
10/19/18,52.431,53.2047,52.2806,52.7351,137567257.6
10/22/18,52.8468,53.7062,52.6474,53.0552,119740033.1
10/23/18,51.8977,53.6793,51.6256,53.5537,161227074.6
10/24/18,53.5237,53.9226,51.5856,51.7192,170198885.3
10/25/18,52.3484,53.2346,52.12,52.8498,124163668.1
10/26/18,51.9147,52.9435,51.138,52.0123,196537346
10/29/18,52.7053,52.8239,49.5558,51.0373,191035879.4
10/30/18,50.7722,51.7392,50.3185,51.2895,152460948.4
10/31/18,52.1519,53.0083,52.0911,52.6275,159526491.3
11/1/18,52.6713,53.4649,52.134,53.4331,242553471.2
11/2/18,50.3883,51.3723,49.3974,49.8928,379816080.4
11/5/18,49.1271,49.1471,47.6546,48.4762,275160359.7
11/6/18,48.5529,49.2258,48.502,48.9955,132593992.2
11/7/18,49.5269,50.5079,49.0853,50.4821,139004979.6
11/8/18,50.6655,50.6994,49.8898,50.3065,105110957
11/9/18,49.5957,49.7083,48.8001,49.3396,142422773.9
11/12/18,48.0185,48.2239,46.7603,46.8531,211922105.1
11/13/18,46.236,47.5799,46.1921,46.3856,194298036.4
11/14/18,46.7873,46.9269,44.8652,45.0725,251978810.1
11/15/18,45.4564,46.3217,45.0985,46.1821,192623168.2
11/16/18,45.9667,47.0485,45.7196,46.6965,153042614.2
11/19/18,45.8471,46.0157,44.6369,44.8482,173733646.3
11/20/18,43.0407,43.7905,42.3479,42.7048,281089747.6
11/21/18,43.3658,43.4953,42.604,42.6588,128988786
11/23/18,42.2093,42.614,41.5263,41.5702,97905378.24
11/26/18,42.0428,42.2113,41.0826,42.1295,186488412.8
11/27/18,41.3838,42.1674,41.2322,42.0428,171522665.9
11/28/18,42.646,43.7475,42.2073,43.6599,190898048.2
11/29/18,44.0726,44.1044,42.8782,43.3228,173108344.8
11/30/18,43.5003,43.5103,42.7167,43.0895,163831516.6
12/3/18,44.5083,44.6249,43.7277,44.596,169080103.2
12/4/18,43.6619,44.0108,42.5362,42.639,171344066.8
12/6/18,41.4445,42.1693,41.1226,42.1544,178613738.4
12/7/18,41.8644,42.0976,40.6091,40.656,175228741.8
12/10/18,39.8146,41.0408,39.4128,40.9232,257055759.8
12/11/18,41.4197,41.4515,40.2981,40.6909,195950499.4
12/12/18,41.1166,41.4815,40.7836,40.8035,147652593.5
12/13/18,41.1396,41.64,40.9102,41.2502,132194901.6
12/14/18,40.7787,40.7985,39.8793,39.9292,168689329.9
12/17/18,39.9213,40.6211,39.2683,39.5574,183543465.4
12/18/18,39.9033,40.4217,39.665,40.0737,140250184.2
12/19/18,40.0578,40.4018,38.3869,38.8196,203267850
12/20/18,38.7079,39.1147,37.4767,37.8396,268440076.8
12/21/18,37.8475,38.1626,36.1059,36.3681,396795663.2
12/24/18,35.747,36.5664,35.3721,35.4309,154041306.1
12/26/18,35.7828,37.9363,35.404,37.9233,242784995.2
12/27/18,37.6033,37.8247,36.2145,37.6761,220134285.8
12/28/18,38.0031,38.2454,37.2922,37.6961,175269324.2
12/31/18,38.2484,38.4537,37.7529,38.0629,145065676.8
1/2/19,37.377,38.3281,37.2125,38.1048,153504636.2
1/3/19,34.7431,35.1588,34.2635,34.3094,378427243
1/4/19,34.8746,35.8446,34.6991,35.7729,242886638.3
1/7/19,35.8786,35.9104,35.2046,35.6911,227016761
1/8/19,36.0899,36.6342,35.8367,36.3711,170022160.9
1/9/19,36.5016,37.2872,36.1059,36.9911,186905169.1
1/10/19,36.7988,37.1477,36.399,37.1098,148286657.6
1/11/19,36.8915,37.0849,36.5565,36.7479,111993038.9
1/14/19,36.397,36.4967,36.0052,36.1976,134438472.1
1/15/19,36.2623,37.0091,36.2105,36.9383,118984862.7
1/16/19,36.9413,37.6133,36.9214,37.389,126690743.8
1/17/19,37.2055,38.043,36.9802,37.6083,123588530.1
1/18/19,38.0031,38.0958,37.6352,37.8376,139875145.7
1/22/19,37.7389,37.8147,36.8287,36.9891,125962433
1/23/19,37.1926,37.4378,36.6044,37.1357,95860558.06
1/24/19,37.1826,37.2753,36.6144,36.8456,105438003.5
1/25/19,37.5216,38.1546,37.2354,38.0679,139033312.8
1/28/19,37.5933,37.7209,37.0749,37.7129,108548351.9
1/29/19,37.701,38.1546,37.1826,37.3252,172350960.7
1/30/19,39.3939,40.0927,38.6671,39.8714,253258672.1
1/31/19,40.0837,40.7787,39.7059,40.1625,168838270.8
2/1/19,40.2881,40.7737,40.0399,40.1794,135387323.5
2/4/19,40.3938,41.4177,40.3658,41.3239,130527864.2
2/5/19,41.7128,42.2441,41.5861,42.0278,149616807.5
2/6/19,42.1375,42.3628,41.7098,42.0428,117033997.2
2/7/19,41.5981,41.973,41.1026,41.2472,131547814.8
2/8/19,40.9501,41.3599,40.8105,41.297,98296065.29
2/11/19,41.4495,41.4875,41.0149,41.0568,86631992.56
2/12/19,41.2202,41.4376,41.1246,41.4107,91955742.76
2/13/19,41.5303,41.7975,41.1784,41.2402,92808754.72
2/14/19,41.1266,41.5015,41.0458,41.3897,90107938.7
2/15/19,41.4975,41.6081,41.1366,41.3,101625620.3
2/19/19,41.1266,41.5433,41.0728,41.4197,78293733.43
2/20/19,41.4815,42.0029,41.4346,41.6898,107764168.2
2/21/19,41.633,41.7706,41.2701,41.4515,71182919.88
2/22/19,41.5781,41.9232,41.5283,41.9152,78047492.63
2/25/19,42.2013,42.622,42.1495,42.2193,90263140.66
2/26/19,42.0926,42.4814,41.965,42.2441,70442355.87
2/27/19,41.975,42.4077,41.8594,42.3757,114866210.1
2/28/19,42.2411,42.3857,41.9032,41.961,116434433
3/1/19,42.2311,42.4445,41.8952,42.3997,106822499.7
3/4/19,42.5772,43.0766,42.1544,42.616,113218913.8
3/5/19,42.639,42.6519,42.294,42.5382,81448923.17
3/6/19,42.3259,42.5283,42.1475,42.289,85876649.61
3/7/19,42.1295,42.2711,41.6878,41.8035,102325333
3/8/19,41.2741,41.941,41.0748,41.9012,99036351.46
3/11/19,42.5283,43.4016,42.4944,43.3528,132097527.5
3/12/19,43.6199,44.266,43.4634,43.8423,133981542.6
3/13/19,44.1613,44.4215,43.8453,44.0337,128059578.3
3/14/19,44.5631,44.6129,44.239,44.5232,97303784.83
3/15/19,44.7934,45.3925,44.5261,45.1024,161115451.2
3/18/19,45.0227,45.6548,45.0207,45.563,108199411.8
3/19/19,45.6448,45.8013,45.0526,45.2011,130592692.3
3/20/19,45.1293,45.9209,44.7634,45.598,128070753.3
3/21/19,46.0445,47.5769,45.9957,47.2728,210599149.1
3/22/19,47.3346,47.9038,46.229,46.2958,175000526.8
3/25/19,46.4104,46.5221,45.2191,45.7415,180933074.4
3/26/19,46.4474,46.7405,44.7266,45.2659,205508132.6
3/27/19,45.7435,45.9827,45.2071,45.6747,123173259.3
3/28/19,45.7933,45.9369,45.4424,45.7365,85752757.87
3/29/19,45.9997,46.0575,45.6926,46.0286,97239623.72
4/1/19,46.4404,46.4503,45.6528,46.3436,114975865.5
4/2/19,46.3058,47.1232,46.2958,47.0186,93945632.89
4/3/19,46.8331,47.6197,46.8073,47.3376,96034112.83
4/4/19,47.202,47.5869,46.8053,47.4183,78877440.45
4/5/19,47.6068,47.7623,47.4781,47.7394,76452507.38
4/8/19,47.5998,48.525,47.5799,48.4941,106804046.5
4/9/19,48.543,49.1571,48.2807,48.3455,147602091.9
4/10/19,48.1451,48.6446,48.0255,48.6148,89528317.11
4/11/19,48.6706,48.7054,48.0873,48.2109,86249792.32
4/12/19,48.2737,48.504,47.5479,48.191,114557860.4
4/15/19,48.1192,48.4323,47.9836,48.2807,72367159.08
4/16/19,48.3355,48.7962,48.1153,48.2857,106039344.1
4/17/19,48.3555,49.2856,48.1272,49.2238,119287429.7
4/18/19,49.2218,49.4711,49.0773,49.3994,99846847.12
4/22/19,49.1531,49.6615,49.0335,49.5628,80219705.19
4/23/19,49.5409,50.3435,49.4093,50.2766,96245231.83
4/24/19,50.2467,50.5179,50.171,50.1989,72383516.83
4/25/19,50.1212,50.3464,49.7063,49.7463,76520851.2
4/26/19,49.6515,49.6765,48.9777,49.509,76957846.08
4/29/19,49.5339,49.9138,49.3994,49.5827,91630534.82
4/30/19,49.2059,49.2916,48.2509,48.6276,192032167
5/1/19,50.8598,52.1768,50.7014,51.0174,267518065
5/2/19,50.8518,51.5288,50.4371,50.6834,132036824.9
5/3/19,51.1061,51.3334,50.9476,51.3125,86215009.54
5/6/19,49.507,50.6067,49.3146,50.5179,133880556.5
5/7/19,49.8928,50.2607,48.6626,49.1601,159963240.4
5/8/19,48.9267,49.7613,48.8889,49.167,108693246.5
5/9/19,48.5608,48.8719,47.6596,48.6406,144054723.6
5/10/19,48.0255,48.3755,46.895,47.9667,169400538.6
5/13/19,45.6647,46.0874,44.4783,45.1792,236085478.4
5/14/19,45.3447,46.1423,45.1024,45.897,150165983.5
5/15/19,45.3088,46.6477,45.2529,46.4444,109119872.8
5/16/19,46.1941,46.8232,45.9389,46.236,135785142.3
5/17/19,45.4723,46.4404,45.4294,45.9767,135159170.7
5/20/19,44.6448,44.8452,43.8572,44.5381,158727183.6
5/21/19,45.0556,45.7365,44.932,45.3905,116602054.7
5/22/19,44.923,45.1772,44.4095,44.4603,122290196
5/23/19,43.7395,43.922,43.254,43.7047,150166227.3
5/24/19,43.8373,44.3089,43.4494,43.5352,97486196.53
5/28/19,43.5222,43.935,43.277,43.3568,114889136.8
5/29/19,42.9171,43.6299,42.8154,43.1494,117080207.7
5/30/19,43.287,43.6,42.9769,43.3737,87224528.43
5/31/19,42.8703,43.297,42.5712,42.5891,111170603
6/3/19,42.7197,43.28,41.4197,42.1544,166059934.1
6/4/19,42.6808,43.7475,42.4545,43.6997,127302917.3
6/5/19,44.8282,45.0008,44.0636,44.4075,122392429.9
6/6/19,44.5361,45.1184,44.3108,45.0556,92601030.04
6/7/19,45.3676,46.6876,45.1911,46.2539,126137228.6
6/10/19,46.6617,47.5261,46.6148,46.8471,107788522.3
6/11/19,47.3985,47.6826,47.0954,47.3865,110715539.1
6/12/19,47.1821,47.6746,47.0435,47.2369,75035107.15
6/13/19,47.3595,47.872,47.0954,47.23,89099924.39
6/14/19,46.5979,47.0914,46.2918,46.887,77124560.05
6/17/19,46.9249,47.4243,46.7475,47.1672,60301840.19
6/18/19,47.6945,48.7194,47.4861,48.2757,109145719.4
6/19/19,48.5728,48.6226,47.9996,48.1322,86837381.14
6/20/19,48.7384,48.7982,48.1711,48.525,88439578.32
6/21/19,48.3635,48.857,48.2009,48.3575,196498386.5
6/24/19,48.2977,48.6895,48.2059,48.3077,74900402.52
6/25/19,48.2707,48.4762,47.5061,47.5749,86615808.35
6/26/19,48.1073,48.8919,48.0096,48.6028,107158181.4
6/27/19,48.7194,49.0355,48.548,48.5878,85914442.54
6/28/19,48.3336,48.533,47.9338,48.1451,127889450
7/1/19,49.4212,49.7463,48.8081,49.0305,112293498.6
7/2/19,48.9955,49.4113,48.9835,49.3176,69617194.61
7/3/19,49.4492,49.7343,49.3086,49.7263,46707031.21
7/5/19,49.4671,49.8898,49.3564,49.6815,70974996.6
7/8/19,48.847,48.9935,48.2657,48.6546,104161886.9
7/9/19,48.4622,49.0205,48.3655,48.9547,84591986.03
7/10/19,49.1052,49.5598,49.0335,49.4372,73571454.27
7/11/19,49.4572,49.7213,49.0703,49.0803,83004505.6
7/12/19,49.2488,49.6247,49.187,49.4542,72330294.98
7/15/19,49.6465,50.0802,49.6247,49.9217,69667359.16
7/16/19,49.7712,50.139,49.504,49.7483,69336010.55
7/17/19,49.6366,49.8948,49.4472,49.4671,57992829.63
7/18/19,49.6247,50.0822,49.5529,50.0294,76387442.52
7/19/19,50.0613,50.2308,49.2258,49.2836,86036075.42
7/22/19,49.5409,50.4123,49.5309,50.4093,91579994.13
7/23/19,50.7093,50.82,50.4271,50.802,75454494.48
7/24/19,50.5159,50.8798,50.3983,50.7602,61627245.67
7/25/19,50.815,50.9018,50.2886,50.3604,57179346.88
7/26/19,50.4721,51.0214,50.3903,50.5339,72427562.77
7/29/19,50.7093,51.2407,50.7034,51.0094,89094837.93
7/30/19,50.7821,51.1261,50.4321,50.7881,139502756.3
7/31/19,52.6474,53.8528,51.3972,51.8239,284801424.6
8/1/19,52.0333,53.0382,50.2906,50.7014,222056560.3
8/2/19,49.9985,50.2138,49.0504,49.6286,167975776
8/5/19,48.1611,48.3256,46.8471,47.0336,215376716.4
8/6/19,47.7544,48.1811,47.202,47.9218,147268328.9
8/7/19,47.536,48.545,47.1512,48.4223,137154188.5
8/8/19,48.6994,49.511,48.509,49.487,111030594.2
8/9/19,49.1551,49.511,48.6626,49.0803,100823634.5
8/12/19,48.7403,49.3396,48.6306,48.9547,92068609.98
8/13/19,49.0873,51.801,49.0404,51.0293,194686574.9
8/14/19,49.6077,50.4093,49.4691,49.509,149670350.3
8/15/19,49.6815,50.0922,48.7533,49.2638,114188912.5
8/16/19,49.8848,50.5847,49.7761,50.4252,117998548.3
8/19/19,51.4271,51.9465,51.2865,51.3623,100054422.3
8/20/19,51.491,52.0981,51.3543,51.3643,110241786.5
8/21/19,52.0093,52.1719,51.6694,51.9247,88312700.49
8/22/19,52.0582,52.3602,51.459,51.8797,91191942.09
8/23/19,51.143,51.7811,49.0833,49.4811,191996235.8
8/26/19,50.2667,50.5927,50.0702,50.4222,106746913.8
8/27/19,50.7552,50.9276,49.6985,49.8559,106055698.9
8/28/19,49.841,50.2308,49.6465,50.184,65350248.09
8/29/19,50.9147,51.1161,50.4651,51.0393,86031262.78
8/30/19,51.3165,51.3843,50.5947,50.9745,86665648.91
9/3/19,50.4073,50.5409,49.8709,50.2268,82148661.03
9/4/19,50.8878,51.1559,50.6246,51.0832,78697388.92
9/5/19,51.7691,52.2486,51.6484,52.0811,98068515.33
9/6/19,52.2686,52.3583,51.8927,52.0751,79293137.56
9/9/19,52.461,52.8498,51.5388,52.2954,111838405.7
9/10/19,52.2237,52.9336,51.6973,52.9136,130138081.9
9/11/19,53.2516,54.6274,53.1698,54.5984,181376491.8
9/12/19,54.8945,55.2904,54.417,54.4738,131975772.2
9/13/19,53.7212,53.9186,52.9924,53.4151,162840019.5
9/16/19,53.1698,53.753,53.128,53.6962,86647550.88
9/17/19,53.7112,53.9255,53.5038,53.8956,75296901.25
9/18/19,53.9833,54.414,53.5815,54.3941,105014479.6
9/19/19,54.2117,54.6384,53.8128,53.9594,90864561.55
9/20/19,54.0581,54.3423,53.105,53.1698,237429801.4
9/23/19,53.4629,53.6813,53.1498,53.4071,79528016.81
9/24/19,53.9764,54.3243,53.0352,53.1578,128731101.4
9/25/19,53.3662,54.088,53.0222,53.9764,92064992.98
9/26/19,53.7212,53.9544,53.4331,53.6932,78171119.57
9/27/19,53.8558,53.9594,53.0582,53.4331,103860410.1
9/30/19,53.9444,54.8397,53.9186,54.6892,107780773.7
10/1/19,54.9623,55.7301,54.746,54.8427,148194921.6
10/2/19,54.4668,54.5954,53.2177,53.4649,146475308.4
10/3/19,53.3373,53.9594,52.5338,53.9255,124301369.8
10/4/19,55.0979,55.5476,54.6692,55.429,142332143.3
10/7/19,55.2534,56.1458,55.1478,55.4419,126498805.1
10/8/19,55.1428,55.6901,54.7779,54.7959,119919523.9
10/9/19,55.4349,55.6233,55.0979,55.4349,77929960.22
10/10/19,55.6573,56.2714,55.5017,56.1856,118610213.4
10/11/19,56.8805,58.03,56.727,57.678,171959759.1
10/14/19,57.361,58.1476,57.3052,57.5944,99978948.84
10/15/19,57.7239,58.032,57.3561,57.4617,94356182.35
10/16/19,56.9842,57.4418,56.9413,57.2325,78983535.07
10/17/19,57.4089,57.6641,57.0201,57.4518,70736561.54
10/18/19,57.2853,58.0151,57.2125,57.7279,99830218.56
10/21/19,58.0011,58.8455,57.9523,58.7259,91600088.24
10/22/19,58.8884,59.1456,58.5115,58.5963,92896301.94
10/23/19,59.1196,59.3969,58.9023,59.3819,81628444.08
10/24/19,59.7049,59.7766,59.0459,59.4815,73371267.51
10/25/19,59.3769,60.2503,59.3081,60.2123,75226576.39
10/28/19,60.4197,60.8633,60.2473,60.8135,98872235.39
10/29/19,60.7936,60.9839,59.2353,59.4097,146240279.7
10/30/19,59.7677,59.8983,58.9003,59.4019,127486788.5
10/31/19,60.3758,60.8434,57.9373,60.7437,142475341.8
11/1/19,60.9331,62.4933,60.8414,62.4665,154723423.4
11/4/19,62.8354,62.962,62.3598,62.8772,105730568.2
11/5/19,62.7656,63.0477,62.5881,62.7854,81799961.65
11/6/19,62.6988,62.8752,62.3538,62.8134,77670727.91
11/7/19,63.3707,63.7635,63.2171,63.5412,96909782.69
11/8/19,63.3577,63.7855,62.9061,63.7117,71535764.86
11/11/19,63.2631,64.285,63.2591,64.2172,83731468.25
11/12/19,64.0586,64.3646,63.9041,64.1573,89201702.9
11/13/19,63.9539,64.8502,63.9399,64.7744,105412620.3
11/14/19,64.5989,64.8761,64.1922,64.3268,91440522.01
11/15/19,64.581,65.0924,64.4175,65.0864,102456841
11/18/19,65.0964,65.4992,64.7146,65.4185,88604243.06
11/19/19,65.6159,65.6398,64.9998,65.2191,77860712.64
11/20/19,65.0346,65.1662,63.7755,64.4624,108647670.9
11/21/19,64.583,64.6597,63.9669,64.1693,123913340.9
11/22/19,64.3148,64.4594,63.8841,64.1134,66680158.26
11/25/19,64.3448,65.254,64.2968,65.238,85863023.18
11/26/19,65.3785,65.4325,64.2918,64.7295,107524696
11/27/19,65.0446,65.6358,64.9798,65.5999,66508646.71
11/29/19,65.2929,65.6398,65.1224,65.4553,47584490.51
12/2/19,65.4603,65.6986,64.5242,64.6977,96740196.99
12/3/19,63.2661,63.5662,62.7676,63.5462,119946691.5
12/4/19,63.9399,64.4903,63.8453,64.1065,68636411.11
12/5/19,64.6079,65.1194,64.3488,65.0446,76193818.72
12/6/19,65.5112,66.3726,65.4683,66.3027,108392783.8
12/9/19,66.1293,66.3257,64.8831,65.3726,131400976.3
12/10/19,65.7854,66.1463,65.1124,65.7554,92407481.47
12/11/19,65.8372,66.3975,65.7604,66.3177,80530139.2
12/12/19,65.5859,66.7544,65.4723,66.4862,140605626.1
12/13/19,66.4862,67.4273,66.3556,67.3914,136505354.4
12/16/19,67.8401,68.7722,67.8361,68.5449,130986387.6
12/17/19,68.4731,69.0125,68.2837,68.6765,116674305.4
12/18/19,68.53,69.0434,68.3635,68.516,118507109.8
12/19/19,68.4572,68.866,68.3216,68.5828,100551243.1
12/20/19,69.1231,69.2249,68.2239,68.4423,281859051
12/23/19,68.7064,69.6176,68.6666,69.5588,100759210.6
12/24/19,69.7273,69.7762,69.2907,69.6226,49484504.34
12/26/19,69.7592,71.0214,69.7303,71.0034,95272186.86
12/27/19,71.3015,71.9974,70.5647,70.9755,149408092.8
12/30/19,70.8938,71.6864,69.8549,71.3983,147230550.1
12/31/19,71.0084,71.9246,70.9077,71.9176,103085454.5
1/2/20,72.5537,73.6225,72.2955,73.5616,138461336.4
1/3/20,72.779,73.6185,72.6185,72.8488,149575255.2
1/6/20,71.9515,73.4649,71.7023,73.425,121038376.3
1/7/20,73.435,73.6972,72.8607,73.0831,113823807.2
1/8/20,72.781,74.5626,72.779,74.2575,135109542.8
1/9/20,75.2475,76.0261,74.9963,75.8377,174022747.5
1/10/20,76.069,76.5785,75.4968,76.0042,143791287.5
1/13/20,76.3262,77.6581,76.2036,77.6312,124619469.1
1/14/20,77.5664,77.7788,76.4578,76.5814,165987098.6
1/15/20,76.378,77.2723,75.8187,76.2514,124452720.1
1/16/20,76.8057,77.3191,76.4378,77.2075,111086571.4
1/17/20,77.4597,78.0659,77.1497,78.0639,140675344.1
1/21/20,77.688,78.1337,77.3929,77.5345,113142600.7
1/22/20,78.026,78.373,77.717,77.8106,103944877
1/23/20,77.8635,78.2663,77.3072,78.1845,106639144.1
1/24/20,78.4378,79.1884,77.7658,77.9592,149577302.4
1/27/20,75.9373,76.3581,74.6702,75.6692,165299314.1
1/28/20,76.5615,77.9821,76.4618,77.8086,165599334.4
1/29/20,79.4646,80.2961,78.7089,79.4367,221092872.8
1/30/20,78.5106,79.3749,78.0679,79.321,129372404.5
1/31/20,78.6032,79.0329,75.5066,75.8087,203728659.3
2/3/20,74.5307,76.7818,74.0192,75.5984,177594773.8
2/4/20,77.2255,78.2862,76.8157,78.0938,139450517.5
2/5/20,79.2354,79.5414,78.1157,78.7269,121291829
2/6/20,79.005,79.6541,78.4428,79.6511,107612495
2/7/20,79.1416,79.3948,78.0679,78.5684,119840872.7
2/10/20,77.1317,78.9402,77.05,78.9402,111352920.4
2/11/20,79.4447,79.5185,78.2443,78.4676,96051803.63
2/12/20,78.9203,80.3339,78.9203,80.3279,115814658.3
2/13/20,79.5883,80.0867,79.3819,79.7557,96484032.01
2/14/20,79.7248,80.0279,79.2602,79.7757,81582055.01
2/18/20,77.4199,78.5006,77.2374,78.3161,155561889.1
2/19/20,78.5604,79.6829,78.5604,79.4487,95706433.38
2/20/20,79.2054,79.7029,78.1207,78.6362,102409056.6
2/21/20,78.2224,78.668,76.2265,76.8536,132082808.7
2/24/20,72.9794,74.6742,71.0054,73.2037,226267540.7
2/25/20,73.8836,74.2715,70.2458,70.7223,234901062.7
2/26/20,70.3444,73.1329,70.3374,71.8458,202355599.9
2/27/20,69.0125,70.2148,67.0106,67.1492,326481344.7
2/28/20,63.1603,68.3515,62.939,67.1093,434708545
3/2/20,69.2976,74.0032,68.181,73.3552,347654230.1
3/3/20,74.5496,74.6304,70.165,71.0284,325330515.1
3/4/20,72.777,74.4868,71.9615,74.3233,223195207.9
3/5/20,72.5507,73.5397,71.5408,71.9096,191010572.4
3/6/20,69.2289,71.3963,69.0434,70.9556,230322184.6
3/9/20,64.7515,68.2717,64.5671,65.3427,292000076.3
3/10/20,68.0354,70.3235,66.1313,70.0513,290518663.4
3/11/20,68.0983,69.0414,66.7424,67.6197,261078616
3/12/20,62.8334,66.2858,60.8833,60.9411,426143545.3
3/13/20,65.0286,68.7194,62.1016,68.2419,377526630.3
3/16/20,59.3999,63.604,58.9203,59.4637,328332595.2
3/17/20,60.7637,63.2441,58.5285,62.0796,329994914.2
3/18/20,58.8625,61.3758,58.2114,60.5572,305736080.6
3/19/20,60.7338,62.0756,59.5613,60.0927,276839408.6
3/20/20,60.6829,61.8254,55.9723,56.2783,409055319.1
3/23/20,55.9912,56.0959,52.1968,55.084,342924585.6
3/24/20,58.027,60.8085,57.5206,60.6082,292800749.1
3/25/20,61.5592,63.3996,59.9741,60.2771,309166230.5
3/26/20,60.5204,63.5063,60.4805,63.4465,257189423.2
3/27/20,62.0528,62.8154,60.65,60.8215,207959340.6
3/30/20,61.5563,62.7296,61.2292,62.5562,171054986.7
3/31/20,62.7486,64.4424,61.8683,62.4265,200612509.3
4/1/20,60.5164,61.0597,58.7039,59.1456,179448151.8
4/2/20,59.003,60.1845,58.1576,60.1306,168975082.8
4/3/20,59.6062,60.321,58.6681,59.2682,132260413.8
4/6/20,61.5941,64.5929,61.2242,64.4374,205519093.9
4/7/20,66.4812,66.7035,63.586,63.6897,206605691.2
4/8/20,64.5023,65.6398,64.1294,65.3187,171990670.1
4/9/20,65.9648,66.3027,64.9858,65.7934,165087641.4
4/13/20,65.873,67.195,65.2599,67.0834,133424210.8
4/14/20,68.7394,70.7641,68.2618,70.472,198568402.3
4/15/20,69.3275,70.2956,68.8948,69.828,133558265.5
4/16/20,70.5498,70.7512,69.3156,70.3843,160004830.9
4/17/20,69.8909,70.4441,67.9667,69.4272,219194852.1
4/20/20,68.2369,69.1511,67.9647,67.9846,132397817.6
4/21/20,67.8261,68.0634,65.1622,65.887,184308646.3
4/22/20,67.1721,68.2239,66.8251,67.7813,119202705.1
4/23/20,67.7275,69.1681,67.4822,67.5211,127101830.9
4/24/20,68.0514,69.48,68.0016,69.4701,128827287.9
4/27/20,69.1799,69.8549,68.7264,69.52,119233467.6
4/28/20,69.9865,70.173,68.2997,68.3923,114057488.8
4/29/20,69.9007,71.1151,69.6944,70.6365,139796796.5
4/30/20,71.1879,72.3055,70.7881,72.128,186418930.5
5/1/20,70.2756,73.4021,70.177,70.9656,245026539.6
5/4/20,70.9914,72.1001,70.2916,71.9695,136015878.9
5/5/20,72.437,73.8946,72.2905,73.0542,150459052.7
5/6/20,73.765,74.4469,73.3702,73.8069,144942340.7
5/7/20,74.4419,74.9205,74.1329,74.5666,117326629.1
5/8/20,75.2375,76.398,74.9055,76.3422,136136151.7
5/11/20,75.8457,78.0459,75.6323,77.5445,148219805.3
5/12/20,78.2393,78.695,76.5345,76.6571,164829391
5/13/20,76.8416,77.7758,74.6374,75.734,203747871.8
5/14/20,74.9604,76.2594,74.2276,76.1966,161404887.3
5/15/20,73.9335,75.7968,73.9006,75.7489,168939767.4
5/18/20,77.0918,77.9104,76.392,77.5325,137481345.3
5/19/20,77.5495,78.4108,77.052,77.0848,103314290.4
5/20/20,77.9552,78.6531,77.8376,78.5833,113241895.6
5/21/20,78.4448,78.9931,77.7558,77.9971,104288541
5/22/20,77.7319,78.5833,77.6282,78.5006,83077351.12
5/26/20,79.6361,79.8175,77.9104,77.9672,127477207.4
5/27/20,77.8216,78.4577,77.0719,78.3091,114704565.5
5/28/20,77.9771,79.6211,77.697,78.344,135880705.9
5/29/20,78.5883,79.0559,77.9034,78.2663,155990895.7
6/1/20,78.2194,79.35,78.0859,79.2284,82280726.63
6/2/20,78.9571,79.6211,78.5106,79.5963,89008125.24
6/3/20,79.9202,80.2981,79.338,80.0318,106118990.3
6/4/20,79.8534,80.1555,78.9651,79.343,88924384.59
6/5/20,79.5983,81.6649,79.5683,81.6041,139388299.2
6/8/20,81.297,82.1205,80.5732,82.0866,97144649.91
6/9/20,81.7616,85.0785,81.7287,84.6777,150013438.6
6/10/20,85.6397,87.3306,85.1952,86.8561,169247869.4
6/11/20,85.9878,86.4204,82.5831,82.6878,204803969.3
6/12/20,84.8581,85.6149,82.274,83.4007,203263944.2
6/15/20,82.0338,85.0954,81.8683,84.4324,140971299.1
6/16/20,86.5171,86.9448,84.8581,86.6696,168005792.3
6/17/20,87.4254,87.4872,86.4263,86.549,116188739.8
6/18/20,86.5051,87.0066,85.9658,86.5839,98328662.42
6/19/20,87.2987,87.7743,84.9639,86.0884,268595833.4
6/22/20,86.4882,88.4851,86.4413,88.3416,137555243
6/23/20,89.6027,91.6684,89.178,90.2278,215460455
6/24/20,89.849,90.7831,88.2548,88.6327,195624099.9
6/25/20,88.7912,89.849,88.0205,89.809,139664850.2
6/26/20,89.7044,89.9277,86.8999,87.0525,208454353.9
6/29/20,86.9568,89.1531,86.4733,89.0584,132681293.7
6/30/20,88.6387,90.0922,88.6187,89.7991,142407696
7/1/20,89.8788,90.4312,89.5828,89.6296,112462313
7/2/20,90.5528,91.1958,89.5179,89.6296,115818017.5
7/6/20,91.0792,92.5019,91.0483,92.0283,120504080.5
7/7/20,92.4121,93.2027,91.6305,91.7442,114175814.6
7/8/20,92.7342,93.9105,92.6444,93.8787,118915948.1
7/9/20,94.7879,94.8407,93.2197,94.2156,127599879.4
7/10/20,93.8707,94.5077,93.2526,94.4479,91663356.63
7/13/20,95.7718,98.4278,93.7939,94.0122,194634667.1
7/14/20,93.3852,95.7619,92.4381,95.5685,173653052.3
7/15/20,97.4717,97.7269,95.0122,96.2275,155584463.8
7/16/20,95.08,95.9115,94.432,95.0421,112300262.2
7/17/20,95.4987,95.6582,94.3692,94.8507,93622996.78
7/20/20,94.9364,96.9902,94.5895,96.8485,91724887.75
7/21/20,97.6541,97.7289,95.2585,95.5117,105260439.5
7/22/20,95.2086,96.4718,95.1189,95.7798,90388127.74
7/23/20,95.5117,95.5884,90.5986,91.4201,200073384.9
7/24/20,89.5897,91.5437,87.7793,91.1938,188327648.8
7/27/20,92.2745,93.45,92.0452,93.3562,123102478.1
7/28/20,92.9216,93.0991,91.8169,91.8219,105239788.7
7/29/20,92.3135,93.767,92.2775,93.5846,91736415.8
7/30/20,92.7422,94.8218,92.3293,94.7161,160593383.6
7/31/20,101.311,104.79,99.2672,104.64,380126276.6
8/3/20,106.525,109.925,106.226,107.263,312951800.2
8/4/20,107.462,109.097,106.715,107.981,175484140.5
8/5/20,107.701,108.709,107.223,108.369,123892354
8/6/20,108.719,112.656,108.111,112.158,205582353.3
8/7/20,111.68,112.138,108.799,109.596,200768792.6
8/10/20,111.081,112.238,108.509,111.211,215324030.1
8/11/20,110.453,110.962,107.631,107.901,190486085.5
8/12/20,109.007,111.75,108.809,111.49,168226607.8
8/13/20,112.876,114.461,112.388,113.444,212970750
8/14/20,113.274,113.434,111.52,113.344,167841774.5
8/17/20,114.481,114.511,112.408,113.055,121205447.3
8/18/20,112.796,114.421,112.457,113.982,107086030
8/19/20,114.401,115.577,114.032,114.132,147539193.6
8/20/20,114.172,116.784,114.152,116.674,128652197.4
8/21/20,117.641,123.165,117.631,122.675,342702983.7
8/24/20,126.952,127.032,122.267,124.151,350694505.4
8/25/20,123.005,123.473,121.38,123.125,214403911.1
8/26/20,124.471,125.278,123.373,124.809,165263868.3
8/27/20,125.427,125.746,122.157,123.303,157691271.5
8/28/20,124.301,124.729,122.885,123.115,190209877.5
8/31/20,125.846,129.206,124.291,127.292,228806161.5
9/1/20,130.961,132.964,128.777,132.356,154566647.7
9/2/20,135.736,136.105,125.288,129.605,202870681.3
9/3/20,125.198,127.092,118.868,119.236,261141704.9
9/4/20,118.449,122.028,109.377,119.316,337180601.5
9/8/20,112.408,117.382,111.161,111.3,234547916.8
9/9/20,115.677,117.521,113.693,115.737,179373434.6
9/10/20,118.738,118.868,110.982,111.958,184780712.8
9/11/20,113.016,113.663,108.509,110.483,183347202.6
9/14/20,113.165,114.351,111.28,113.793,142077189
9/15/20,116.724,117.213,112.068,113.962,187180917.7
9/16/20,113.663,114.421,110.523,110.613,157158334.8
9/17/20,108.229,110.682,107.233,108.848,180458666.7
9/18/20,108.907,109.367,104.66,105.398,291052652.2
9/21/20,103.116,108.699,101.709,108.589,198404934.2
9/22/20,111.161,111.34,107.681,110.294,185572435.4
9/23/20,110.104,110.593,105.328,105.658,152791095.3
9/24/20,103.744,108.759,103.574,106.744,170049864.2
9/25/20,106.954,110.922,106.196,110.762,152043727.6
9/28/20,113.444,113.753,111.26,113.394,139565435.9
9/29/20,112.996,113.743,112.028,112.536,101436385.8
9/30/20,112.248,115.677,112.078,114.232,144637006.2
10/1/20,116.037,116.115,114.251,115.209,117717127.5
10/2/20,111.37,113.793,110.702,111.5,146701815.2
10/5/20,112.368,115.069,112.008,114.919,107704722.4
10/6/20,114.122,114.541,110.732,111.64,163718855
10/7/20,113.065,113.972,112.576,113.514,98180685.43
10/8/20,114.67,114.82,113.035,113.404,84624986.38
10/9/20,113.713,115.418,113.354,115.388,101888861.8
10/12/20,118.439,123.473,117.671,122.705,243529953.6
10/13/20,123.563,123.683,118.03,119.456,265937564.8
10/14/20,119.356,121.36,118,119.546,153139455.7
10/15/20,117.113,119.556,116.545,119.076,114106938.2
10/16/20,119.636,119.894,117.203,117.412,116980503.5
10/19/20,118.339,118.788,114.082,114.401,122298161.2
10/20/20,114.621,117.372,114.052,115.917,126134588.5
10/21/20,115.089,117.093,114.869,115.289,91182762.17
10/22/20,115.867,116.435,113.035,114.172,103390315.6
10/23/20,114.81,114.969,112.726,113.474,83708040
10/26/20,112.457,114.969,111.36,113.484,113388632.9
10/27/20,113.913,115.697,112.986,115.019,93545601.42
10/28/20,113.484,113.853,109.586,109.685,145917006.6
10/29/20,110.852,115.349,110.682,113.753,148138489
10/30/20,109.546,110.473,106.246,107.383,193193911.8
11/2/20,107.631,109.187,105.857,107.293,124556352.2
11/3/20,108.17,109.975,107.253,108.947,109104313.5
11/4/20,112.586,114.012,110.832,113.384,140136257.7
11/5/20,116.345,118,115.289,117.412,128124930
11/6/20,116.913,117.791,114.75,117.282,115831911.7
11/9/20,119.076,120.542,114.67,114.939,156370168.1
11/10/20,114.172,116.185,112.776,114.591,139680268.1
11/11/20,115.807,118.22,115.059,118.08,113642980.3
11/12/20,118.21,119.106,117.163,117.801,104591330.8
11/13/20,118.03,118.259,116.465,117.851,82669203.97
11/16/20,117.511,119.556,116.744,118.878,92277609.54
11/17/20,118.14,119.236,117.551,117.98,75162547.69
11/18/20,117.203,118.409,116.595,116.625,77238306.94
11/19/20,116.185,117.651,115.428,117.233,75002648.44
11/20/20,117.243,117.362,115.897,115.947,74487856.99
11/23/20,115.797,116.215,112.408,112.496,129495384.5
11/24/20,112.556,114.471,111.26,113.793,115241201.4
11/25/20,114.162,115.368,113.793,114.65,77417556.03
11/27/20,115.189,116.085,114.839,115.209,47251828.91
11/30/20,115.587,119.536,115.428,117.641,171443832.2
12/1/20,119.576,122.008,118.598,121.26,129705360
12/2/20,120.572,121.908,119.456,121.619,90072631.33
12/3/20,122.058,122.317,120.762,121.479,79915584.38
12/4/20,121.14,121.4,120.074,120.802,79199884.98
12/7/20,120.862,123.085,120.802,122.287,87657854.15
12/8/20,122.885,123.493,121.629,122.895,82993188.18
12/9/20,123.045,124.461,119.566,120.333,116255442.7
12/10/20,119.076,122.407,118.738,121.779,82287934.55
12/11/20,120.981,121.3,119.126,120.961,87983441.24
12/14/20,121.14,121.888,120.094,120.333,80025242.84
12/15/20,122.855,126.374,122.646,126.354,159463812.7
12/16/20,125.896,126.844,125.069,126.285,99387519.34
12/17/20,127.372,128.05,126.514,127.172,95492537.94
12/18/20,127.432,127.571,124.63,125.168,194852828.5
12/21/20,123.533,126.784,121.978,126.704,122707096.7
12/22/20,130.043,132.805,128.119,130.313,171384781.6
12/23/20,130.591,130.861,129.216,129.395,89282760.39
12/24/20,129.754,131.878,129.535,130.403,55589463.14
12/28/20,132.396,135.726,131.927,135.078,125980611.3
12/29/20,136.414,137.142,132.745,133.264,122500417.2
12/30/20,133.932,134.38,131.818,132.137,97609967.91
12/31/20,132.486,133.134,130.153,131.12,100306414.6
1/4/21,131.937,132.027,125.268,127.88,145022130.4
1/5/21,127.362,130.173,126.902,129.445,98837299.15
1/6/21,126.195,129.485,124.889,125.108,156949697.4
1/7/21,126.834,130.063,126.334,129.355,110893569.5
1/8/21,130.861,131.061,128.698,130.482,106420600.5
1/11/21,127.66,128.638,126.972,127.452,101828767
1/12/21,126.972,128.159,125.368,127.272,93054957.41
1/13/21,127.232,129.884,126.962,129.325,89700856.79
1/14/21,129.236,129.435,127.232,127.382,91304807.31
1/15/21,127.252,128.688,125.497,125.627,112938197.1
1/19/21,126.255,127.182,125.447,126.304,91846811.51
1/20/21,127.132,130.921,127.022,130.462,105571775.3
1/21/21,132.217,138.009,132.007,135.258,121976420.8
1/22/21,134.67,138.189,133.413,137.411,115833367.1
1/25/21,141.378,143.363,134.928,141.229,159503736.1
1/26/21,141.908,142.585,139.684,141.468,99571668.32
1/27/21,141.738,142.585,138.747,140.372,142534495.6
1/28/21,137.859,140.302,135.088,135.477,144333199.4
1/29/21,134.22,135.128,128.678,130.393,179654866.4
2/1/21,132.167,133.772,129.365,132.546,107515161
2/2/21,134.121,134.7,133.004,133.383,84305392.52
2/3/21,134.15,134.16,132.027,132.346,90959898.46
2/4/21,134.69,135.776,132.984,135.766,85193622.57
2/5/21,135.926,135.995,134.45,135.347,76488184.87
2/8/21,134.62,135.546,133.513,135.496,72045430.73
2/9/21,135.208,136.444,134.44,134.6,77579906.73
2/10/21,135.068,135.576,132.994,133.982,73813136.21
2/11/21,134.49,134.978,132.376,133.722,64954604.96
2/12/21,132.944,134.121,132.317,133.962,60776312.03
2/16/21,134.081,134.6,131.409,131.808,81421910.02
2/17/21,129.884,130.851,128.129,129.475,99114588.37
2/18/21,127.86,128.648,126.076,128.368,97873193.36
2/19/21,128.897,129.345,127.462,128.528,88588858.27
2/22/21,126.674,128.378,124.301,124.699,105006950.7
2/23/21,122.477,125.408,117.163,124.56,159933988.4
2/24/21,123.643,124.261,120.961,124.051,112205193.1
2/25/21,123.383,125.148,119.286,119.724,149754794.1
2/26/21,121.31,123.553,119.934,119.994,166287343.6
3/1/21,122.467,126.594,121.509,126.454,117528464.8
3/2/21,127.072,127.382,123.713,123.823,103334103.7
3/3/21,123.513,124.411,120.572,120.792,114151844.7
3/4/21,120.482,122.317,117.392,118.888,180024589.7
3/5/21,119.714,120.672,116.345,120.154,155380276.9
3/8/21,119.665,119.734,114.999,115.149,155996686.3
3/9/21,117.801,120.792,117.561,119.824,130885065.4
3/10/21,120.422,120.901,118.22,118.748,113118096.2
3/11/21,121.26,121.928,119.994,120.692,104107708.1
3/12/21,119.156,119.904,117.93,119.764,89029652.7
3/15/21,120.144,122.705,119.176,122.695,93562229.99
3/16/21,124.401,125.896,123.413,124.271,116437175.3
3/17/21,122.755,124.56,121.071,123.463,113107293.3
3/18/21,121.599,121.898,119.076,119.276,122744497.5
3/19/21,118.668,120.164,118.439,118.748,187496739.1
3/22/21,119.086,122.586,119.017,122.107,113086727.8
3/23/21,122.048,122.945,120.871,121.26,96469005.31
3/24/21,121.539,121.619,118.818,118.848,89459553
3/25/21,118.309,120.392,117.771,119.336,99881989.99
3/26/21,119.106,120.214,117.691,119.944,95058447.9
3/29/21,120.383,121.3,119.476,120.124,81667345.38
3/30/21,118.868,119.156,117.631,118.668,86570988.05
3/31/21,120.383,122.237,119.884,120.881,119565552.5
4/1/21,122.377,122.885,121.21,121.719,75877143.73
4/5/21,122.586,124.859,121.789,124.6,89581507.86
4/6/21,125.198,125.806,124.351,124.909,81012596.33
4/7/21,124.53,126.584,123.843,126.564,84342642.79
4/8/21,127.61,129.036,127.182,129.007,89776956.21
4/9/21,128.458,131.659,128.129,131.619,107806308.4
4/12/21,131.15,131.469,129.266,129.874,92379372.99
4/13/21,131.071,133.254,130.561,133.024,92224324.5
4/14/21,133.532,133.592,130.283,130.661,88138126.63
4/15/21,132.426,133.592,132.257,133.094,90284739.34
4/16/21,132.895,133.264,131.897,132.765,85813587.85
4/19/21,132.127,134.061,131.957,133.433,95253453.9
4/20/21,133.612,134.121,130.443,131.728,95807339.23
4/21/21,130.991,132.356,129.933,132.117,69569640
4/22/21,131.659,132.755,130.043,130.571,85453924.13
4/23/21,130.791,133.712,130.791,132.915,79583278.86
4/26/21,133.423,133.652,132.177,133.314,67607192.32
4/27/21,133.602,134.002,132.715,132.984,66708595.74
4/28/21,132.905,133.612,131.699,132.197,108890965.7
4/29/21,135.058,135.656,131.081,132.097,152686653.7
4/30/21,130.413,132.177,129.695,130.093,110992156.3
5/3/21,130.671,132.675,130.462,131.169,75923591.98
5/4/21,129.824,130.123,125.398,126.514,139008365.9
5/5/21,127.86,129.096,126.634,126.764,84882432.26
5/6/21,126.554,128.408,125.806,128.398,78948237.74
5/7/21,129.705,130.113,128.348,129.076,79666723.61
5/10/21,128.289,128.418,125.706,125.746,88844567.87
5/11/21,122.427,125.178,121.699,124.819,127250464.8
5/12/21,122.327,123.553,121.18,121.699,113157247.2
5/13/21,123.493,125.059,123.175,123.882,106790889.5
5/14/21,125.158,126.774,124.759,126.334,82637258.82
5/17/21,125.716,125.826,124.081,125.178,74896552.81
5/18/21,125.467,125.886,123.693,123.763,63899131.33
5/19/21,122.087,123.833,121.789,123.603,93425199.29
5/20/21,124.141,126.604,124.011,126.195,77531992.02
5/21/21,126.704,126.883,124.121,124.341,79991714.89
5/24/21,124.919,126.824,124.849,125.996,63646953.47
5/25/21,126.704,127.202,125.228,125.796,72641785.2
5/26/21,125.856,126.275,125.328,125.746,57072703.58
5/27/21,125.348,126.524,123.991,124.191,95456492.33
5/28/21,124.481,124.709,123.463,123.523,71937278.84
6/1/21,123.991,124.261,122.855,123.195,68231028.36
6/2/21,123.205,124.151,122.965,123.972,59799379.24
6/3/21,123.593,123.763,122.058,122.467,76898525.69
6/4/21,122.985,125.069,122.765,124.799,75829392.52
6/7/21,125.079,125.228,123.753,124.809,71681494.02
6/8/21,125.507,127.342,125.118,125.637,75057101.03
6/9/21,126.096,126.634,125.427,126.026,57377372.06
6/10/21,125.916,127.072,124.849,125.019,71811497.35
6/11/21,125.437,126.324,125.009,126.235,53992343.4
6/14/21,126.704,129.395,125.966,129.335,97757408.27
6/15/21,128.817,129.455,128.269,128.518,63297296.19
6/16/21,129.226,129.744,127.342,129.016,92621238.49
6/17/21,128.678,131.399,128.528,130.641,97570965.31
6/18/21,129.565,130.363,129.106,129.315,109910009.6
6/21/21,129.166,131.259,128.09,131.15,80362825.41
6/22/21,130.981,132.905,130.472,132.815,75440280.25
6/23/21,132.605,133.144,132.077,132.536,60742930.52
6/24/21,133.274,133.463,131.778,132.257,69314337.64
6/25/21,132.307,132.725,131.659,131.957,71405285.08
6/28/21,132.257,134.061,132.197,133.602,62656691.15
6/29/21,133.622,135.308,133.174,135.148,65122936.85
6/30/21,134.988,136.214,134.69,135.776,63816880.21
7/1/21,135.417,136.135,134.58,136.075,52946650.51
7/2/21,136.703,138.787,136.553,138.747,79638779.63
7/6/21,138.857,141.908,138.857,140.78,109131717.8
7/7/21,142.286,143.632,141.418,143.313,105832799
7/8/21,140.342,142.804,139.435,141.996,106502498.6
7/9/21,141.508,144.389,141.408,143.851,100767924.1
7/12/21,144.938,145.047,142.744,143.243,76969693.11
7/13/21,142.804,146.175,142.386,144.379,101712443.3
7/14/21,146.802,148.268,146.393,147.849,128166395.1
7/15/21,147.939,148.696,145.815,147.181,107758266.3
7/16/21,147.161,148.457,144.609,145.117,94070249.85
7/19/21,142.496,142.814,140.432,141.21,122500867.6
7/20/21,142.216,145.825,141.718,144.878,97196067.27
7/21/21,144.27,144.858,143.373,144.14,75651963.97
7/22/21,144.669,146.892,144.549,145.527,78017248.66
7/23/21,146.263,147.42,145.645,147.261,72074783.99
7/26/21,146.972,148.527,146.413,147.69,73070120.75
7/27/21,147.829,147.909,144.29,145.497,105738971.7
7/28/21,143.582,145.695,141.299,143.722,119975505.1
7/29/21,143.432,145.277,143.323,144.379,57197343.61
7/30/21,143.124,145.057,142.854,144.589,71059152.51
8/2/21,145.087,145.675,143.991,144.26,63432099.11
8/3/21,144.549,146.743,143.921,146.075,65355499.06
8/4/21,145.985,146.493,145.007,145.675,56863231.59
8/5/21,145.705,146.543,144.898,145.785,46805083.38
8/6/21,145.297,146.045,144.579,145.087,54520407.21
8/9/21,145.147,145.645,144.479,145.037,49264338.83
8/10/21,145.387,146.633,144.26,144.559,69524996.24
8/11/21,144.997,145.665,144.489,144.809,48846092.97
8/12/21,145.137,147.969,144.789,147.809,74315612.21
8/13/21,147.889,148.368,147.191,148.018,59806766.7
8/16/21,147.46,150.102,145.417,150.032,104311830.9
8/17/21,149.145,150.59,148.008,149.106,92900401.41
8/18/21,148.716,149.634,145.097,145.307,86953726.94
8/19/21,143.991,146.922,143.462,145.645,87592659.89
8/20/21,146.373,147.42,145.725,147.111,60989928.62
8/23/21,147.231,149.106,146.812,148.626,60569070.82
8/24/21,148.368,149.774,148.068,148.537,48959878.98
8/25/21,148.726,149.234,146.723,147.281,59420264.37
8/26/21,147.291,148.038,146.443,146.463,48950579.7
8/27/21,146.413,147.67,145.775,147.52,56208166.58
8/30/21,147.919,152.385,147.53,152.026,91618133.11
8/31/21,151.568,151.707,150.202,150.74,87081778.33
9/1/21,151.737,153.851,151.249,151.418,80897729.02
9/2/21,152.754,153.591,151.308,152.545,71688853.4
9/3/21,152.655,153.501,151.997,153.183,58286851.73
9/7/21,153.841,156.124,153.273,155.556,82876563.54
9/8/21,155.844,155.904,152.853,153.981,74961368.91
9/9/21,154.359,154.977,152.833,152.953,57722440.39
9/10/21,153.871,154.349,147.62,147.889,141917769.2
9/13/21,149.544,150.332,147.67,148.467,103148982.7
9/14/21,149.264,149.982,145.855,147.041,110091064.2
9/15/21,147.48,148.358,145.317,147.949,83886911.94
9/16/21,147.361,147.889,146.155,147.709,68528873.09
9/17/21,147.739,147.739,144.709,145.007,130813191.9
9/20/21,142.764,143.801,140.242,141.908,124376764.1
9/21/21,142.894,143.562,141.748,142.396,76385404.32
9/22/21,143.412,145.377,142.665,144.799,76959931.42
9/23/21,145.595,146.015,144.589,145.775,65309654.65
9/24/21,144.609,146.403,144.519,145.865,53866744.46
9/27/21,144.429,144.908,142.784,144.33,74689931.49
9/28/21,142.216,143.712,140.661,140.88,109764753.9
9/29/21,141.438,143.412,141,141.798,75144527.89
9/30/21,142.625,143.343,140.252,140.472,89704257.13
10/1/21,140.87,141.888,138.109,141.618,95327771.89
10/4/21,140.731,141.18,137.271,138.139,99036976.36
10/5/21,138.487,141.21,138.357,140.083,81449059.58
10/6/21,138.467,141.12,137.371,140.97,83826277.56
10/7/21,142.026,143.173,141.688,142.256,62181557.29
10/8/21,142.994,143.144,141.528,141.868,59200535.19
10/11/21,141.239,143.772,140.78,141.778,64920896.46
10/12/21,142.196,142.216,140.013,140.482,73566953.58
10/13/21,140.212,140.372,138.199,139.883,79335460.26
10/14/21,141.08,142.844,140.482,142.724,70415444.04
10/15/21,142.734,143.851,142.476,143.801,68434376.73
10/18/21,142.416,145.785,142.126,145.497,86211555.04
10/19/21,145.935,148.088,145.497,147.68,76934297.47
10/20/21,147.62,148.676,147.041,148.178,58843591.75
10/21/21,147.729,148.557,146.792,148.398,61867625.65
10/22/21,148.606,149.096,147.56,147.61,59311626.01
10/25/21,147.6,148.288,146.553,147.56,51089380.67
10/26/21,148.248,149.754,147.929,148.238,61336193.59
10/27/21,148.278,148.646,147.41,147.769,56502834.65
10/28/21,148.736,152.066,148.636,151.478,100805624.7
10/29/21,146.145,148.856,145.357,148.716,125861791
11/1/21,147.909,148.616,146.723,147.879,75130641.66
11/2/21,147.58,150.481,147.57,148.936,69624621.19
11/3/21,149.304,150.88,148.736,150.402,54907925.63
11/4/21,150.491,151.338,149.554,149.872,60833787.81
11/5/21,151.019,151.328,149.195,150.411,65843820.01
11/8/21,150.541,150.7,149.294,149.574,55340196.13
11/9/21,149.334,150.561,149.195,149.942,57117513.85
11/10/21,149.155,149.264,146.991,147.061,65565422.42
11/11/21,148.098,148.567,146.822,147.011,41237903.93
11/12/21,147.57,149.534,146.623,149.126,64174311.14
11/15/21,149.504,151.009,148.567,149.135,59566518.12
11/16/21,149.076,150.62,148.477,150.132,59600118.3
11/17/21,150.122,154.1,150.122,152.605,89322414.97
11/18/21,152.814,157.759,152.176,156.962,138627592
11/19/21,156.742,160.091,155.625,159.623,117986411.4
11/22/21,160.739,164.748,160.071,160.091,118149644.8
11/23/21,160.181,160.859,158.148,160.471,96599304.55
11/24/21,159.823,161.199,158.726,160.999,69866773.56
11/26/21,158.646,159.523,155.456,155.904,77406408.13
11/29/21,158.457,160.251,157.878,159.324,89263290.18
11/30/21,159.065,164.568,159.005,164.348,175058190.2
12/1/21,166.512,169.313,163.581,163.82,153307630.1
12/2/21,157.818,163.252,156.892,162.813,137532775.7
12/3/21,163.072,164.01,158.806,160.899,118708094
12/6/21,163.342,166.911,163.332,164.368,108120869.9
12/7/21,168.097,170.59,167.369,170.191,121104156.3
12/8/21,171.138,174.947,169.712,174.069,117677934.4
12/9/21,173.9,175.733,172.922,173.551,109555906.8
12/10/21,174.189,178.596,173.68,178.416,116072501.3
12/13/21,180.06,181.078,174.518,174.727,154126370.8
12/14/21,174.239,176.711,171.218,173.321,140189313.1
12/15/21,174.099,178.466,171.318,178.266,131823917.4
12/16/21,178.246,180.09,169.762,171.268,151057486.5
12/17/21,168.945,172.474,168.705,170.151,197060535
12/20/21,167.309,169.593,166.492,168.765,108123013.4
12/21/21,170.57,172.204,168.137,171.996,91715127.06
12/22/21,172.046,174.847,171.158,174.627,92670033.88
12/23/21,174.837,175.823,174.259,175.265,68753292.54
12/27/21,176.063,179.382,176.043,179.294,75354398.09
12/28/21,179.124,180.28,177.499,178.256,79603673.88
12/29/21,178.296,179.592,177.11,178.346,62710789.66
12/30/21,178.436,179.532,177.06,177.169,60119922.99
12/31/21,177.06,178.196,176.233,176.541,64434063.02
1/3/22,176.801,181.825,176.681,180.958,105308881.8
1/4/22,181.576,181.885,178.087,178.665,99886812.66
1/5/22,178.576,179.134,173.63,173.91,95086276.52
1/6/22,171.636,174.289,170.65,171.008,97466363.22
1/7/22,171.896,173.132,170.041,171.178,87212386.51
1/10/22,168.097,171.506,167.2,171.198,107385194.8
1/11/22,171.328,174.169,169.832,174.069,76580200.68
1/12/22,175.106,176.153,173.81,174.518,75239324.16
1/13/22,174.767,175.605,170.799,171.198,84996211.25
1/14/22,170.35,172.783,170.101,172.076,80907639.16
1/18/22,170.52,171.546,168.427,168.815,91697850.53
1/19/22,169.015,170.091,164.986,165.276,95365273.94
1/20/22,166.024,168.695,163.232,163.561,91951098.64
1/21/22,163.472,165.376,161.357,161.467,123561843
1/24/22,159.105,161.357,153.801,160.679,163650997.6
1/25/22,158.068,161.817,156.114,158.865,116470433.4
1/26/22,162.554,163.442,156.912,158.776,108903712.5
1/27/22,161.507,162.893,157.37,158.307,122662433.9
1/28/22,164.758,169.363,161.857,169.343,180979963.9
1/31/22,169.174,173.989,168.526,173.77,116212166.1
2/1/22,173.012,173.83,171.318,173.6,86714275.78
2/2/22,173.73,174.867,172.334,174.827,85407078.68
2/3/22,173.471,175.225,171.128,171.906,89937036
2/4/22,170.908,173.312,169.912,171.616,82838470.7
2/7/22,172.086,173.162,170.181,170.889,77600685.92
2/8/22,170.958,174.557,170.66,174.039,75167742.48
2/9/22,175.255,175.853,174.109,175.485,71607529.09
2/10/22,173.351,174.687,170.779,171.348,91276973.67
2/11/22,171.556,172.304,167.28,167.878,99117069.92
2/14/22,166.612,168.815,165.814,168.117,86575430.56
2/15/22,170.201,172.174,169.483,172.016,64577149.14
2/16/22,171.078,172.564,169.283,171.776,61454162.33
2/17/22,170.261,171.138,167.709,168.117,69904164.27
2/18/22,169.055,169.772,165.446,166.542,83147135.33
2/22/22,164.239,165.944,161.417,163.581,91575175.48
2/23/22,164.798,165.406,159.035,159.354,90416445.85
2/24/22,151.897,162.115,151.318,162.006,141786086.8
2/25/22,163.102,164.378,160.151,164.11,92390310.25
2/28/22,162.325,164.678,161.697,164.378,95486662.07
3/1/22,163.95,165.854,161.239,162.464,83852060.96
3/2/22,163.651,166.602,162.215,165.814,80085421.84
3/3/22,167.709,168.147,164.808,165.485,77025332.3
3/4/22,163.75,164.808,161.367,162.435,84198789.34
3/7/22,162.624,164.278,158.327,158.586,96855041.23
3/8/22,158.108,162.145,155.097,156.732,131741591.1
3/9/22,160.749,162.674,158.696,162.215,91868643.9
3/10/22,159.473,159.663,155.276,157.808,105818596.8
3/11/22,158.218,158.566,153.801,154.03,97408792.15
3/14/22,150.77,153.422,149.424,149.942,109224011.5
3/15/22,150.222,154.868,149.704,154.389,93384869.65
3/16/22,156.343,159.284,153.761,158.875,102762959.8
3/17/22,157.898,160.271,156.922,159.893,75957457.96
3/18/22,159.783,163.74,159.045,163.242,124070454.6
3/21/22,162.774,165.605,162.285,164.638,96244799.52
3/22/22,164.768,168.655,164.17,168.057,81900855.47
3/23/22,167.23,171.866,166.891,169.443,98506306.62
3/24/22,170.291,173.351,169.443,173.282,90539170.05
3/25/22,173.092,174.488,171.976,173.929,80910543.99
3/28/22,171.398,174.937,171.228,174.807,90780755.7
3/29/22,175.893,178.206,175.545,178.156,101044503.1
3/30/22,177.748,178.804,175.903,176.97,93052223.09
3/31/22,177.04,177.229,173.61,173.82,103515477.2
4/1/22,173.242,174.089,171.168,173.521,79107596.34
4/4/22,173.78,177.688,173.65,177.638,76892274.68
4/5/22,176.701,177.499,173.63,174.269,73733853.11
4/6/22,171.586,172.852,169.363,171.058,89461681.47
4/7/22,170.39,172.584,169.085,171.368,77945686.04
4/8/22,171.008,171.008,168.437,169.323,76921932.87
4/11/22,167.947,168.267,164.758,165.006,72573547.7
4/12/22,167.26,169.104,165.894,166.901,79623774
4/13/22,166.632,170.271,166.024,169.633,70938402.32
4/14/22,169.852,170.5,164.298,164.548,75670163.32
4/18/22,163.182,165.844,162.833,164.328,69336203.13
4/19/22,164.278,167.061,163.172,166.642,68030213.7
4/20/22,167.997,168.117,165.356,166.472,68237125.91
4/21/22,168.147,170.759,165.166,165.674,87622383.28
4/22/22,165.714,167.11,160.769,161.059,85266428.97
4/25/22,160.391,162.435,157.749,162.145,96480886.44
4/26/22,161.517,161.607,156.014,156.094,96055836.9
4/27/22,155.207,159.075,154.678,155.864,88461586.25
4/28/22,158.536,163.77,158.218,162.903,130805888.7
4/29/22,161.109,165.456,156.542,156.942,132343592.7
5/2/22,156.004,157.52,152.585,157.25,123611963.4
5/3/22,157.44,159.982,155.615,158.766,89369007.66
5/4/22,158.955,165.734,158.546,165.276,108746251.7
5/5/22,163.112,163.342,154.249,156.064,131115767
5/6/22,155.536,158.955,153.711,156.802,116478852
5/9/22,154.454,155.356,151.029,151.598,131979261.8
5/10/22,155.047,156.264,152.465,154.04,115718629.2
5/11/22,153.033,154.977,145.367,146.055,143125059.5
5/12/22,142.336,145.755,138.377,142.126,183159016.3
5/13/22,144.15,147.655,142.674,146.663,114338548.5
5/16/22,145.107,147.071,143.742,145.097,86908063.08
5/17/22,148.408,149.314,146.234,148.786,78575196.34
5/18/22,146.403,146.912,139.475,140.392,110077629.3
5/19/22,139.455,141.229,136.185,136.932,136510760.8
5/20/22,138.667,140.272,132.207,137.171,137845304.1
5/23/22,137.371,142.824,137.231,142.674,118085355.3
5/24/22,140.377,141.538,136.913,139.933,104450373.2
5/25/22,138.009,141.354,137.919,140.093,92764788.02
5/26/22,136.972,143.901,136.723,143.343,90877902.11
5/27/22,144.948,149.224,144.819,149.185,91256006.91
5/31/22,148.616,150.202,146.393,148.388,104034779.4
6/1/22,149.444,151.279,147.231,148.258,74513225.14
6/2/22,147.381,150.81,146.413,150.75,72568732.05
6/3/22,146.453,147.52,144.021,144.938,88840447.34
6/6/22,146.583,148.117,144.459,145.695,71816770.38
6/7/22,143.906,148.547,143.662,148.258,68014979.37
6/8/22,148.128,149.414,147.011,147.51,54114760.66
6/9/22,146.633,147.5,142.096,142.206,69684883.45
6/10/22,139.853,140.332,136.643,136.713,91845934.84
6/13/22,132.466,134.788,131.041,131.479,122579856.8
6/14/22,132.725,133.483,131.081,132.356,85042936.34
6/15/22,133.882,136.922,131.758,135.018,91812167.16
6/16/22,131.679,131.987,128.648,129.665,108290813.7
6/17/22,129.67,132.674,129.415,131.16,134930605.7
6/21/22,133.014,136.643,132.915,135.457,81247556.83
6/22/22,134.38,137.341,133.503,134.938,73633147.88
6/23/22,136.404,138.169,135.218,137.849,72654706.5
6/24/22,139.475,141.478,139.345,141.229,89388662.43
6/27/22,142.261,143.054,140.536,141.229,70422057.15
6/28/22,141.698,142.986,136.908,137.022,67520654.16
6/29/22,137.042,140.242,136.254,138.807,66444464.53
6/30/22,136.833,137.949,133.367,136.304,99266329.81
7/1/22,135.626,138.617,135.248,138.507,71268274.44
7/5/22,137.351,141.18,136.514,141.13,73653617.12
7/6/22,140.925,143.682,140.651,142.486,74290165.83
7/7/22,142.854,146.105,142.844,145.905,66455796.99
7/8/22,144.823,147.101,144.559,146.593,64744682.6
7/11/22,145.227,146.194,143.343,144.429,63498207.14
7/12/22,145.317,147.998,144.609,145.417,77825421.32
7/13/22,142.556,146.005,141.688,145.047,71402691.19
7/14/22,143.642,148.497,142.814,148.018,78379089.99
7/15/22,149.324,150.402,147.749,149.714,76492540.11
7/18/22,150.282,151.109,146.254,146.623,81669219.07
7/19/22,147.47,150.77,146.463,150.541,83235480.98
7/20/22,150.64,153.253,149.912,152.575,65021138.28
7/21/22,154.03,155.097,151.478,154.878,65285164.17
7/22/22,154.917,155.805,152.943,153.621,66878782.27
7/25/22,153.541,154.569,151.817,152.485,53787509.51
7/26/22,151.802,152.62,150.342,151.139,55306875.81
7/27/22,152.116,156.852,151.697,156.314,78860497.93
7/28/22,156.502,157.16,153.941,156.872,81626953.55
7/29/22,160.749,163.132,159.015,162.016,102097331.7
8/1/22,160.521,163.092,160.401,161.019,68036273.12
8/2/22,159.613,161.916,159.145,159.523,60089754.25
8/3/22,160.351,166.083,160.261,165.625,82759153.5
8/4/22,165.5,166.681,163.93,165.306,55643352.01
8/5/22,162.94,165.575,162.73,165.076,56791036.97
8/8/22,166.094,167.532,163.928,164.597,60462470.26
8/9/22,163.748,165.545,162.98,164.647,63240235.53
8/10/22,167.402,169.06,166.624,168.96,70286942.62
8/11/22,169.778,170.707,167.911,168.211,57243961.07
8/12/22,169.539,171.885,169.119,171.815,68152249.35
8/15/22,171.236,173.103,171.061,172.903,54181424.18
8/16/22,172.494,173.422,171.378,172.743,56470571.25
8/17/22,172.484,175.858,172.284,174.261,79673985.56
8/18/22,173.462,174.61,172.833,173.862,62393405.09
8/19/22,172.743,173.452,171.026,171.236,70462989.18
8/22/22,169.409,169.579,166.858,167.292,69141314.34
8/23/22,166.803,168.431,166.374,166.953,54236901.06
8/24/22,166.953,167.832,165.97,167.253,53930839.18
8/25/22,168.5,169.858,168.071,169.748,51303172.49
8/26/22,170.288,170.767,163.289,163.349,79091964.67
8/29/22,160.878,162.63,159.555,161.113,73435570.09
8/30/22,161.861,162.291,157.459,158.647,78035431.94
8/31/22,160.04,160.314,156.88,156.96,88137055.3
9/1/22,156.381,158.158,154.414,157.698,74353032.5
9/2/22,159.485,160.096,154.708,155.552,77085429.64
9/6/22,156.211,156.83,153.435,154.274,73837125.1
9/7/22,154.569,156.411,153.356,155.702,87594640.01
9/8/22,154.384,156.101,152.427,154.204,85064723.2
9/9/22,155.213,157.559,154.494,157.109,68193942.39
9/12/22,159.326,163.988,159.036,163.159,105130068.5
9/13/22,159.635,160.274,153.116,153.585,122860083.3
9/14/22,154.529,156.84,153.356,155.053,88111330.7
9/15/22,154.394,154.983,151.129,152.118,90631204.88
9/16/22,150.96,151.099,148.124,150.45,162548037.8
9/19/22,149.063,154.304,148.853,154.224,81609399.81
9/20/22,153.146,157.818,152.826,156.64,107868437.6
9/21/22,157.079,158.477,153.346,153.465,101865490
9/22/22,152.128,154.214,150.66,152.487,86796285.85
9/23/22,150.94,151.219,148.314,150.181,96189208.52
9/26/22,149.412,153.515,149.392,150.52,93494245.38
9/27/22,152.487,154.464,149.697,151.509,84582819.11
9/28/22,147.395,150.392,144.6,149.592,146934726.5
9/29/22,145.858,146.477,140.447,142.244,128350799.5
9/30/22,141.046,142.863,137.771,137.971,125132506.7
10/3/22,137.981,142.833,137.457,142.214,114501289.3
10/4/22,144.79,145.978,144.021,145.858,87975761.18
10/5/22,143.836,147.136,142.773,146.158,79602798.67
10/6/22,145.569,147.296,144.98,145.189,68515638.16
10/7/22,142.304,142.863,139.214,139.858,86068096.89
10/10/22,140.187,141.655,138.343,140.187,75023248.45
10/11/22,139.668,141.116,137.991,138.75,77161459.55
10/12/22,138.9,140.128,137.931,138.111,70550583.24
10/13/22,134.766,143.352,134.147,142.753,113411797
10/14/22,144.071,144.281,137.961,138.151,88744940.02
10/17/22,140.831,142.663,140.038,142.174,85392357.79
10/18/22,145.249,146.457,140.377,143.512,99301063.08
10/19/22,141.455,144.709,141.266,143.622,61860788.02
10/20/22,142.783,145.648,142.414,143.153,64629021.51
10/21/22,142.633,147.603,142.413,147.026,86692180.44
10/24/22,146.941,149.981,145.758,149.202,76107960.85
10/25/22,149.841,152.237,149.113,152.088,74856259.9
10/26/22,150.71,151.738,147.795,149.103,88582874.63
10/27/22,147.825,148.799,143.891,144.56,109361263.8
10/28/22,147.955,157.239,147.575,155.482,165035687.6
10/31/22,152.901,153.985,151.668,153.086,98105644.34
11/1/22,154.823,155.193,148.883,150.401,80512682.53
11/2/22,148.698,151.918,144.76,144.79,93759899.33
11/3/22,141.825,142.564,138.52,138.65,98080948.44
11/4/22,142.09,142.67,134.38,138.38,140814796
11/7/22,137.11,139.145,135.671,138.92,83374628
11/8/22,140.41,141.43,137.49,139.5,89908477
11/9/22,138.5,138.55,134.5933,134.87,74917794
11/10/22,141.24,146.87,139.5,146.87,118854028
11/11/22,145.82,150.01,144.37,149.7,93979665
11/14/22,148.97,150.28,147.43,148.28,73374114
11/15/22,152.215,153.59,148.5613,150.04,89868332
11/16/22,149.13,149.87,147.29,148.79,64218266
11/17/22,146.43,151.48,146.15,150.72,80389400
11/18/22,152.305,152.7,149.97,151.29,74829573
11/21/22,150.16,150.37,147.715,148.01,58724070
11/22/22,148.13,150.42,146.925,150.18,51804132
11/23/22,149.45,151.83,149.34,151.07,58301395
11/25/22,148.305,148.88,147.12,148.11,35195860
11/28/22,145.14,146.64,143.38,144.22,69346522
11/29/22,144.29,144.81,140.355,141.17,83763803
11/30/22,141.395,148.72,140.55,148.03,111380880
12/1/22,148.21,149.13,146.61,148.31,71250416
12/2/22,145.96,148,145.65,147.81,65447446
12/5/22,147.77,150.9199,145.77,146.63,68826442
12/6/22,147.075,147.3,141.92,142.91,64727186
12/7/22,142.19,143.37,140,140.94,69721094
12/8/22,142.36,143.52,141.1,142.65,62128338
12/9/22,142.34,145.57,140.9,142.16,76097011
12/12/22,142.7,144.5,141.06,144.49,70462654
12/13/22,149.5,149.9692,144.24,145.47,93886161
12/14/22,145.35,146.655,141.16,143.21,82291182
12/15/22,141.11,141.8,136.025,136.5,98931907
12/16/22,136.685,137.65,133.73,134.51,160156900
12/19/22,135.11,135.2,131.32,132.37,79592614
12/20/22,131.39,133.25,129.89,132.3,77432819
12/21/22,132.98,136.81,132.75,135.45,85927993
12/22/22,134.352,134.56,130.3,132.23,77852108
12/23/22,130.92,132.415,129.64,131.86,63814893
12/27/22,131.38,131.41,128.72,130.03,69007830
12/28/22,129.67,131.0275,125.87,126.04,85438391
12/29/22,127.99,130.4814,127.73,129.61,75703710
12/30/22,128.41,129.95,127.43,129.93,77034209
1/3/23,130.28,130.9,124.17,125.07,112117471
1/4/23,126.89,128.6557,125.08,126.36,89113633
1/5/23,127.13,127.77,124.76,125.02,80962708
1/6/23,126.01,130.29,124.89,129.62,87754715
1/9/23,130.465,133.41,129.89,130.15,70790813
1/10/23,130.26,131.2636,128.12,130.73,63896155
1/11/23,131.25,133.51,130.46,133.49,69458949
1/12/23,133.88,134.26,131.44,133.41,71379648
1/13/23,132.03,134.92,131.66,134.76,57809719
1/17/23,134.83,137.29,134.13,135.94,63646627
1/18/23,136.815,138.61,135.03,135.21,69672800
1/19/23,134.08,136.25,133.77,135.27,58280413
1/20/23,135.28,138.02,134.22,137.87,80223626
1/23/23,138.12,143.315,137.9,141.11,81760313
1/24/23,140.305,143.16,140.3,142.53,66435142
1/25/23,140.89,142.43,138.81,141.86,65799349
1/26/23,143.17,144.25,141.9,143.96,54105068
1/27/23,143.155,147.23,143.08,145.93,70555843
1/30/23,144.955,145.55,142.85,143,64015274
1/31/23,142.7,144.34,142.28,144.29,65874459
2/1/23,143.97,146.61,141.32,145.43,77663633
2/2/23,148.9,151.18,148.17,150.82,118338980
2/3/23,148.03,157.38,147.83,154.5,154357337
2/6/23,152.575,153.1,150.78,151.73,69858306
2/7/23,150.64,155.23,150.64,154.65,83322551
2/8/23,153.88,154.58,151.168,151.92,64120079
2/9/23,153.775,154.33,150.42,150.87,56007143
2/10/23,149.46,151.3401,149.22,151.01,57450708
2/13/23,150.952,154.26,150.92,153.85,62199013
2/14/23,152.12,153.77,150.86,153.2,61707573
2/15/23,153.11,155.5,152.88,155.33,65669252
2/16/23,153.51,156.33,153.3475,153.71,68167942
2/17/23,152.35,153,150.85,152.55,59144118
2/21/23,150.2,151.3,148.405,148.48,58867230
2/22/23,148.87,149.95,147.16,148.91,51011305
2/23/23,150.09,150.34,147.24,149.4,48394249
2/24/23,147.11,147.19,145.7202,146.71,55469606
2/27/23,147.71,149.17,147.45,147.92,44998470
2/28/23,147.05,149.08,146.83,147.41,50546998
3/1/23,146.83,147.2285,145.01,145.31,55478991
3/2/23,144.38,146.71,143.9,145.91,52279761
3/3/23,148.045,151.11,147.33,151.03,70732297
3/6/23,153.785,156.3,153.46,153.83,87558028
3/7/23,153.7,154.0299,151.13,151.6,56182028
3/8/23,152.81,153.47,151.83,152.87,47204791
3/9/23,153.559,154.535,150.225,150.59,53833582
3/10/23,150.21,150.94,147.6096,148.5,68572400
3/13/23,147.805,153.14,147.7,150.47,84457122
3/14/23,151.28,153.4,150.1,152.59,73695893
3/15/23,151.19,153.245,149.92,152.99,77167866
3/16/23,152.16,156.46,151.64,155.85,76254419
3/17/23,156.08,156.74,154.28,155,98944633
3/20/23,155.07,157.82,154.15,157.4,73641415
3/21/23,157.32,159.4,156.54,159.28,73938285
3/22/23,159.3,162.14,157.81,157.83,75701811
3/23/23,158.83,161.5501,157.68,158.93,67622060
3/24/23,158.86,160.34,157.85,160.25,59256343
3/27/23,159.94,160.77,157.87,158.28,52390266
3/28/23,157.97,158.49,155.98,157.65,45992152
3/29/23,159.37,161.05,159.35,160.77,51305691
3/30/23,161.53,162.47,161.271,162.36,49501689
3/31/23,162.44,165,161.91,164.9,68749792
4/3/23,164.27,166.29,164.22,166.17,56976187
4/4/23,166.595,166.84,165.11,165.63,46278295
4/5/23,164.74,165.05,161.8,163.76,51511744
4/6/23,162.43,164.9584,162,164.66,45390123
4/10/23,161.42,162.03,160.08,162.03,47716882
4/11/23,162.35,162.36,160.51,160.8,47644217
4/12/23,161.22,162.06,159.78,160.1,50133062
4/13/23,161.63,165.8,161.42,165.56,68445649
4/14/23,164.59,166.32,163.82,165.21,49386480
4/17/23,165.09,165.39,164.03,165.23,41516217
4/18/23,166.1,167.41,165.65,166.47,49923008
4/19/23,165.8,168.16,165.54,167.63,47720166
4/20/23,166.09,167.87,165.56,166.65,52456377
4/21/23,165.05,166.4521,164.49,165.02,58337341
4/24/23,165,165.6,163.89,165.33,41949581
4/25/23,165.19,166.305,163.73,163.77,48714063
4/26/23,163.055,165.28,162.8,163.76,45498796
4/27/23,165.19,168.56,165.19,168.41,64902329
4/28/23,168.49,169.85,167.8801,169.68,55275851
5/1/23,169.28,170.45,168.64,169.59,52472936
5/2/23,170.09,170.35,167.54,168.54,48425696
5/3/23,169.5,170.92,167.16,167.45,65136018
5/4/23,164.89,167.04,164.31,165.79,81235427
5/5/23,170.975,174.3,170.76,173.57,113453171
5/8/23,172.48,173.85,172.11,173.5,55962793
5/9/23,173.05,173.54,171.6,171.77,45326874
5/10/23,173.02,174.03,171.9,173.555,53724501
5/11/23,173.85,174.59,172.17,173.75,49514676
5/12/23,173.62,174.06,171,172.57,45533138
5/15/23,173.16,173.21,171.47,172.07,37266659
5/16/23,171.99,173.1383,171.7991,172.07,42110293
5/17/23,171.71,172.925,170.4201,172.69,57951604
5/18/23,173,175.24,172.58,175.05,65496657
5/19/23,176.39,176.39,174.94,175.16,55809475
5/22/23,173.98,174.71,173.45,174.2,43570932
5/23/23,173.13,173.3794,171.275,171.56,50747263
5/24/23,171.09,172.4183,170.52,171.84,45143488
5/25/23,172.41,173.895,171.69,172.99,56058258
5/26/23,173.32,175.77,173.11,175.43,54834975
5/30/23,176.96,178.99,176.57,177.3,55964401
5/31/23,177.325,179.35,176.76,177.25,99625288
6/1/23,177.7,180.12,176.9306,180.09,68901809
6/2/23,181.03,181.78,179.26,180.95,61996913
6/5/23,182.63,184.951,178.035,179.58,121946497
6/6/23,179.965,180.12,177.43,179.21,64848374
6/7/23,178.44,181.21,177.32,177.82,61944615
6/8/23,177.895,180.84,177.46,180.57,50214881
6/9/23,181.5,182.23,180.63,180.96,48899973
6/12/23,181.27,183.89,180.97,183.79,54754995
6/13/23,182.8,184.15,182.44,183.31,54929129
6/14/23,183.37,184.39,182.02,183.95,57462882
6/15/23,183.96,186.52,183.78,186.01,65433166
6/16/23,186.73,186.99,184.27,184.92,101256225
6/20/23,184.41,186.1,184.41,185.01,49799092
6/21/23,184.9,185.41,182.5901,183.96,49515697
6/22/23,183.74,187.045,183.67,187,51245327
6/23/23,185.55,187.56,185.01,186.68,53116996
6/26/23,187.3219,188.05,185.23,185.27,48088661
6/27/23,185.89,188.39,185.67,188.06,50730846
6/28/23,187.93,189.9,187.6,189.25,51216801
6/29/23,189.08,190.07,188.94,189.59,46347308
6/30/23,191.63,194.48,191.26,193.97,85213216
7/3/23,193.78,193.88,191.76,192.46,31458198
7/5/23,191.565,192.98,190.62,191.33,46920261
7/6/23,189.84,192.02,189.2,191.81,45156009
7/7/23,191.41,192.67,190.24,190.68,46814998
7/10/23,189.26,189.99,187.035,188.61,59922163
7/11/23,189.16,189.3,186.6,188.08,46638119
7/12/23,189.68,191.7,188.47,189.77,60750248
7/13/23,190.5,191.19,189.78,190.54,41342338
7/14/23,190.23,191.1799,189.63,190.69,41616242
7/17/23,191.9,194.32,191.81,193.99,50520159
7/18/23,193.35,194.33,192.415,193.73,48353774
7/19/23,193.1,198.23,192.65,195.1,80507323
7/20/23,195.09,196.47,192.495,193.13,59581196
7/21/23,194.1,194.97,191.23,191.94,71951683
7/24/23,193.41,194.91,192.25,192.75,45505097
7/25/23,193.33,194.44,192.915,193.62,37283201
7/26/23,193.67,195.64,193.32,194.5,47471868
7/27/23,196.02,197.2,192.55,193.22,47460180
7/28/23,194.67,196.626,194.14,195.83,48291443
7/31/23,196.06,196.49,195.26,196.45,38824113
8/1/23,196.235,196.73,195.28,195.605,35281426
8/2/23,195.04,195.18,191.8507,192.58,50389327
8/3/23,191.57,192.37,190.69,191.17,62243282
8/4/23,185.52,187.38,181.92,181.99,115956841
8/7/23,182.13,183.13,177.35,178.85,97576069
8/8/23,179.69,180.27,177.58,179.8,67823003
8/9/23,180.87,180.93,177.01,178.19,60378492
8/10/23,179.48,180.75,177.6,177.97,54686851
8/11/23,177.32,178.62,176.55,177.79,52036672
8/14/23,177.97,179.69,177.305,179.46,43675627
8/15/23,178.88,179.48,177.05,177.45,43622593
8/16/23,177.13,178.54,176.5,176.57,46964857
8/17/23,177.14,177.5054,173.48,174,66062882
8/18/23,172.3,175.1,171.96,174.49,61172150
8/21/23,175.07,176.13,173.735,175.84,46311879
8/22/23,177.06,177.68,176.25,177.23,42084245
8/23/23,178.52,181.55,178.325,181.12,52722752
8/24/23,180.674,181.104,176.01,176.38,54945798
8/25/23,177.38,179.15,175.82,178.61,51449594
8/28/23,180.09,180.59,178.545,180.19,43820697
8/29/23,179.695,184.9,179.5,184.12,53003948
8/30/23,184.94,187.85,184.74,187.65,60813888
8/31/23,187.84,189.12,187.48,187.87,60794467
9/1/23,189.485,189.92,188.28,189.46,45766503
9/5/23,188.28,189.98,187.61,189.7,45280027
9/6/23,188.4,188.85,181.47,182.91,81755816
9/7/23,175.18,178.21,173.54,177.56,112488803
9/8/23,178.35,180.239,177.79,178.18,65602066
9/11/23,180.07,180.3,177.34,179.36,58953052
9/12/23,179.49,180.13,174.82,176.3,90370192
9/13/23,176.51,177.3,173.98,174.21,84267928
9/14/23,174,176.1,173.58,175.74,60895757
9/15/23,176.48,176.495,173.82,175.01,109259461
9/18/23,176.48,179.38,176.17,177.97,67257573
9/19/23,177.52,179.63,177.13,179.07,51826941
9/20/23,179.26,179.695,175.4,175.49,58436181
9/21/23,174.55,176.3,173.86,173.93,63149116
9/22/23,174.67,177.079,174.05,174.79,56725385
9/25/23,174.2,176.97,174.15,176.08,46172740
9/26/23,174.82,175.2,171.66,171.96,64588945
9/27/23,172.62,173.04,169.05,170.43,66921808
9/28/23,169.34,172.03,167.62,170.69,56294419
9/29/23,172.02,173.07,170.341,171.21,51861083
10/2/23,171.22,174.3,170.93,173.75,52164535
10/3/23,172.255,173.63,170.82,172.4,49594613
10/4/23,171.09,174.21,170.97,173.66,53020286
10/5/23,173.79,175.45,172.68,174.91,48527918
10/6/23,173.8,177.99,173.18,177.49,57266675
10/9/23,176.81,179.05,175.8,178.99,42390772
10/10/23,178.1,179.72,177.95,178.39,43698019
10/11/23,178.2,179.85,177.6,179.8,47551098
10/12/23,180.07,182.34,179.04,180.71,56743119
10/13/23,181.42,181.93,178.14,178.85,51456082
10/16/23,176.75,179.075,176.51,178.72,52516984
10/17/23,176.645,178.42,174.8,177.15,57549350
10/18/23,175.58,177.575,175.11,175.84,54764375
10/19/23,176.04,177.84,175.19,175.46,59302863
10/20/23,175.31,175.42,172.64,172.88,64244028
10/23/23,170.91,174.01,169.93,173,55980109
10/24/23,173.05,173.67,171.45,173.44,43816644
10/25/23,171.88,173.06,170.65,171.1,57156962
10/26/23,170.37,171.3775,165.67,166.89,70625258
10/27/23,166.91,168.96,166.83,168.22,58499129
10/30/23,169.02,171.17,168.87,170.29,51130955
10/31/23,169.35,170.9,167.9,170.77,44846017
11/1/23,171,174.23,170.12,173.97,56934906
11/2/23,175.52,177.78,175.46,177.57,77334752
11/3/23,174.24,176.82,173.35,176.65,79829246
11/6/23,176.38,179.43,176.21,179.23,63841310
11/7/23,179.18,182.44,178.97,181.82,70529966
11/8/23,182.35,183.45,181.59,182.89,49340282
11/9/23,182.96,184.12,181.81,182.41,53763540
11/10/23,183.97,186.565,183.53,186.4,66177922
11/13/23,185.82,186.03,184.21,184.8,43627519
11/14/23,187.7,188.11,186.3,187.44,60108378
11/15/23,187.845,189.5,187.78,188.01,53790499
11/16/23,189.57,190.96,188.65,189.71,54412915
11/17/23,190.25,190.38,188.57,189.69,50941404
11/20/23,189.89,191.905,189.88,191.45,46538614
11/21/23,191.41,191.52,189.74,190.64,38134485
11/22/23,191.49,192.93,190.825,191.31,39630011
11/24/23,190.87,190.9,189.25,189.97,24048344
11/27/23,189.92,190.67,188.9,189.79,40552609
11/28/23,189.78,191.08,189.4,190.4,38415419
11/29/23,190.9,192.09,188.97,189.37,43014224
11/30/23,189.84,190.32,188.19,189.95,48794366
12/1/23,190.33,191.56,189.23,191.24,45704823
12/4/23,189.98,190.05,187.4511,189.43,43389519
12/5/23,190.21,194.4,190.18,193.42,66628398
12/6/23,194.45,194.76,192.11,192.32,41089737
12/7/23,193.63,195,193.59,194.27,47477655
12/8/23,194.2,195.99,193.67,195.71,53406358
12/11/23,193.11,193.49,191.42,193.18,60943699
12/12/23,193.08,194.72,191.721,194.71,52696900
12/13/23,195.09,198,194.85,197.96,70404183
12/14/23,198.02,199.62,196.16,198.11,66831572
12/15/23,197.53,198.3999,197,197.57,128538401
12/18/23,196.09,196.63,194.39,195.89,55751861
12/19/23,196.16,196.95,195.89,196.94,40714051
12/20/23,196.9,197.68,194.83,194.83,52242815
12/21/23,196.1,197.08,193.5,194.68,46482549
12/22/23,195.18,195.41,192.97,193.6,37149570
12/26/23,193.61,193.89,192.83,193.05,28919310
12/27/23,192.49,193.5,191.09,193.15,48087681
12/28/23,194.14,194.66,193.17,193.58,34049898
12/29/23,193.9,194.4,191.725,192.53,42672148
1/2/24,187.15,188.44,183.885,185.64,82488674
1/3/24,184.22,185.88,183.43,184.25,58414460
1/4/24,182.15,183.0872,180.88,181.91,71983570
1/5/24,181.99,182.76,180.17,181.18,62379661
1/8/24,182.085,185.6,181.5,185.56,59144470
1/9/24,183.92,185.15,182.73,185.14,42841809
1/10/24,184.35,186.4,183.92,186.19,46792908
1/11/24,186.54,187.05,183.62,185.59,49128408
1/12/24,186.06,186.74,185.19,185.92,40477782
1/16/24,182.16,184.26,180.934,183.63,65603041
1/17/24,181.27,182.93,180.3,182.68,47317433
1/18/24,186.09,189.14,185.83,188.63,78005754
1/19/24,189.33,191.95,188.82,191.56,68902985
1/22/24,192.3,195.33,192.26,193.89,60133852
1/23/24,195.02,195.75,193.8299,195.18,42355590
1/24/24,195.42,196.38,194.34,194.5,53631316
1/25/24,195.22,196.2675,193.1125,194.17,54822126
1/26/24,194.27,194.76,191.94,192.42,44594011
1/29/24,192.01,192.2,189.58,191.73,47145622
1/30/24,190.94,191.8,187.47,188.04,55859370
1/31/24,187.04,187.095,184.35,184.4,55467803
2/1/24,183.985,186.95,183.82,186.86,64885408
2/2/24,179.86,187.33,179.25,185.85,102551680
2/5/24,188.15,189.25,185.84,187.68,69668820
2/6/24,186.86,189.31,186.7695,189.3,43490759
2/7/24,190.64,191.05,188.61,189.41,53438955
2/8/24,189.385,189.535,187.35,188.32,40962046
2/9/24,188.65,189.99,188,188.85,45155216
2/12/24,188.415,188.67,186.79,187.15,41781934
2/13/24,185.77,186.21,183.5128,185.04,56529529
2/14/24,185.32,185.53,182.44,184.15,54630517
2/15/24,183.55,184.49,181.35,183.86,65434496
2/16/24,183.42,184.85,181.665,182.31,49752465
2/20/24,181.79,182.43,180,181.56,53665553
2/21/24,181.94,182.8888,180.66,182.32,41529674
2/22/24,183.48,184.955,182.46,184.37,52292208
2/23/24,185.01,185.04,182.23,182.52,45119677
2/26/24,182.24,182.76,180.65,181.16,40867421
2/27/24,181.1,183.9225,179.56,182.63,54318851
2/28/24,182.51,183.12,180.13,181.42,48953939
2/29/24,181.27,182.57,179.53,180.75,136682597
3/1/24,179.55,180.53,177.38,179.66,73563082
3/4/24,176.15,176.9,173.79,175.1,81510101
3/5/24,170.76,172.04,169.62,170.12,95132355
3/6/24,171.06,171.24,168.68,169.12,68587707
3/7/24,169.15,170.73,168.49,169,71765061
3/8/24,169,173.7,168.94,170.73,76267041
3/11/24,172.94,174.38,172.05,172.75,60139473
3/12/24,173.15,174.03,171.01,173.23,59825372
3/13/24,172.77,173.185,170.76,171.13,52488692
3/14/24,172.91,174.3078,172.05,173,72913507
3/15/24,171.17,172.62,170.285,172.62,121752699
3/18/24,175.57,177.71,173.52,173.72,75604184
3/19/24,174.34,176.605,173.03,176.08,55215244
3/20/24,175.72,178.67,175.09,178.67,53423102
3/21/24,177.05,177.49,170.84,171.37,106181270
3/22/24,171.76,173.05,170.06,172.28,71160138
3/25/24,170.565,171.94,169.45,170.85,54288328
3/26/24,170,171.42,169.58,169.71,57388449
3/27/24,170.41,173.6,170.11,173.31,60273265
3/28/24,171.75,172.23,170.51,171.48,65672690
4/1/24,171.19,171.25,169.475,170.03,46240500
4/2/24,169.08,169.34,168.2302,168.84,49329481
4/3/24,168.79,170.68,168.58,169.65,47691715
4/4/24,170.29,171.92,168.82,168.82,53704386
4/5/24,169.59,170.39,168.95,169.58,42104826
4/8/24,169.03,169.2,168.24,168.45,37425513
4/9/24,168.7,170.08,168.35,169.67,42451209
4/10/24,168.8,169.09,167.11,167.78,49709336
4/11/24,168.34,175.46,168.16,175.04,91070275
4/12/24,174.26,178.36,174.21,176.55,101670886
4/15/24,175.36,176.63,172.5,172.69,73531773
4/16/24,171.75,173.76,168.27,169.38,73711235
4/17/24,169.61,170.65,168,168,50901210
4/18/24,168.03,168.64,166.55,167.04,43122903
4/19/24,166.21,166.4,164.075,164.93,67767819
4/22/24,165.515,167.26,164.77,165.84,48116443
4/23/24,165.35,167.05,164.92,166.9,49537761
4/24/24,166.54,169.3,166.21,169.02,48251835
4/25/24,169.525,170.61,168.1511,169.89,50558329
4/26/24,169.88,171.34,169.18,169.3,44838354
4/29/24,173.37,176.03,173.1,173.5,68169419
4/30/24,173.33,174.99,170,170.33,65934776
5/1/24,169.58,172.705,169.11,169.3,50383147
5/2/24,172.51,173.415,170.89,173.03,94214915
5/3/24,186.645,187,182.66,183.38,163224109
5/6/24,182.354,184.2,180.42,181.71,78569667
5/7/24,183.45,184.9,181.32,182.4,77305771
5/8/24,182.85,183.07,181.45,182.74,45057087
5/9/24,182.56,184.66,182.11,184.57,48982972
5/10/24,184.9,185.09,182.13,183.05,50759496
5/13/24,185.435,187.1,184.62,186.28,72044809
5/14/24,187.51,188.3,186.29,187.43,52393619
5/15/24,187.91,190.65,187.37,189.72,70399988
5/16/24,190.47,191.095,189.6601,189.84,52845230
5/17/24,189.51,190.81,189.18,189.87,41282925
5/20/24,189.325,191.9199,189.01,191.04,44361275
5/21/24,191.09,192.73,190.9201,192.35,42309401
5/22/24,192.265,192.8231,190.27,190.9,34648547
5/23/24,190.98,191,186.625,186.88,51005924
5/24/24,188.82,190.58,188.0404,189.98,36326975
5/28/24,191.51,193,189.1,189.99,52280051
5/29/24,189.61,192.247,189.51,190.29,53068016
5/30/24,190.76,192.18,190.63,191.29,49947941
5/31/24,191.44,192.57,189.91,192.25,75158277
6/3/24,192.9,194.99,192.52,194.03,50080539
6/4/24,194.635,195.32,193.0342,194.35,47471445
6/5/24,195.4,196.9,194.87,195.87,54156785
6/6/24,195.685,196.5,194.17,194.48,41181753
6/7/24,194.65,196.94,194.14,196.89,53103912
6/10/24,196.9,197.3,192.15,193.12,97262077
6/11/24,193.65,207.16,193.63,207.15,172373296
6/12/24,207.37,220.2,206.9,213.07,198134293
6/13/24,214.74,216.75,211.6,214.24,97862729
6/14/24,213.85,215.17,211.3,212.49,70122748
6/17/24,213.37,218.95,212.72,216.67,93728300
6/18/24,217.59,218.63,213,214.29,79943254
6/20/24,213.93,214.24,208.85,209.68,86172451
6/21/24,210.39,211.89,207.11,207.49,246421353
6/24/24,207.72,212.7,206.59,208.14,80727006
6/25/24,209.15,211.38,208.61,209.07,56713868
6/26/24,211.5,214.86,210.64,213.25,66213186
6/27/24,214.69,215.7395,212.35,214.1,49772707
6/28/24,215.77,216.07,210.3,210.62,82542718
7/1/24,212.09,217.51,211.92,216.75,60402929
7/2/24,216.15,220.38,215.1,220.27,58046178
7/3/24,220,221.55,219.03,221.55,37369801
7/5/24,221.65,226.45,221.65,226.34,60412408
7/8/24,227.09,227.85,223.25,227.82,59085861
7/9/24,227.93,229.4,226.3721,228.68,48169822
7/10/24,229.3,233.08,229.25,232.98,62627687
7/11/24,231.39,232.39,225.77,227.57,64710617
7/12/24,228.92,232.64,228.68,230.54,53046527
7/15/24,236.48,237.23,233.09,234.4,62631252
7/16/24,235,236.27,232.33,234.82,43234278
7/17/24,229.45,231.4599,226.64,228.88,57345884
7/18/24,230.28,230.44,222.27,224.18,66034585
7/19/24,224.82,226.8,223.275,224.31,49151453
7/22/24,227.01,227.78,223.09,223.96,48201835
7/23/24,224.365,226.94,222.68,225.01,39960260
7/24/24,224,224.8,217.13,218.54,61777576
7/25/24,218.93,220.85,214.62,217.49,51391199
7/26/24,218.7,219.49,216.01,217.96,41601345
7/29/24,216.96,219.3,215.75,218.24,36311778
7/30/24,219.19,220.325,216.12,218.8,41643840
7/31/24,221.44,223.82,220.63,222.08,50036262
8/1/24,224.37,224.48,217.02,218.36,62500996
8/2/24,219.15,225.6,217.71,219.86,105568560
8/5/24,199.09,213.5,196,209.27,119548589
8/6/24,205.3,209.99,201.07,207.23,69660488
8/7/24,206.9,213.64,206.39,209.82,63516417
8/8/24,213.11,214.2,208.83,213.31,47161149
8/9/24,212.1,216.78,211.97,216.24,42201646
8/12/24,216.07,219.5099,215.6,217.53,38028092
8/13/24,219.01,221.89,219.01,221.27,44155331
8/14/24,220.57,223.03,219.7,221.72,41960574
8/15/24,224.6,225.35,222.76,224.72,46414013
8/16/24,223.92,226.8271,223.6501,226.05,44340240
8/19/24,225.72,225.99,223.04,225.89,40687813
8/20/24,225.77,227.17,225.45,226.51,30299033
8/21/24,226.52,227.98,225.05,226.4,34765480
8/22/24,227.79,228.34,223.9,224.53,43695321
8/23/24,225.6589,228.22,224.33,226.84,38677250
8/26/24,226.76,227.28,223.8905,227.18,30602208
8/27/24,225.995,228.85,224.89,228.03,35934559
8/28/24,227.92,229.86,225.68,226.49,38052167
8/29/24,230.1,232.92,228.88,229.79,51906297
8/30/24,230.19,230.4,227.48,229,52990770
9/3/24,228.55,229,221.17,222.77,50190574
9/4/24,221.66,221.78,217.48,220.85,43840196
9/5/24,221.625,225.48,221.52,222.38,36615398
9/6/24,223.95,225.24,219.77,220.86,48370990