Date,Open,High,Low,Close,Adj Close,Volume
1/2/17,35980,36240,35880,36100,29812.80078,4650600
1/3/17,36280,36620,36020,36480,30126.61133,7357650
1/4/17,36500,36520,36100,36160,29862.3418,7971750
1/5/17,36060,36060,35540,35560,29366.83789,10967450
1/6/17,36180,36440,36040,36200,29895.38672,8880950
1/9/17,36600,37500,36560,37220,30737.73438,13194900
1/10/17,37280,37400,37080,37240,30754.24414,9099800
1/11/17,37520,38560,37420,38280,31613.12305,12018150
1/12/17,38000,38800,37980,38800,32042.56836,11669150
1/13/17,38100,38320,37460,37460,30935.93359,15954450
1/16/17,36860,37820,36320,36660,30275.26563,16611500
1/17/17,36580,37460,36580,36960,30523.02734,8150700
1/18/17,37040,37500,36620,36940,30506.49609,8875400
1/19/17,37720,37920,37020,37480,30952.45508,9418900
1/20/17,37120,37420,36880,37200,30721.2168,9185000
1/23/17,37200,38060,37000,38060,31431.44531,8810400
1/24/17,38120,38580,37880,38160,31514.02539,11048750
1/25/17,38340,39400,38320,39400,32538.0625,13433850
1/26/17,39420,40000,39420,39900,32950.98828,15214500
1/31/17,39900,39900,39460,39460,32587.61719,17992200
2/1/17,39540,39660,39040,39120,32306.83594,14150400
2/2/17,39600,39660,39200,39360,32505.03125,15029300
2/3/17,39400,39500,39180,39460,32587.61719,10386350
2/6/17,39580,39660,39140,39560,32670.19336,8860700
2/7/17,39560,39580,38760,38820,32059.08203,14041800
2/8/17,38740,38780,38200,38400,31712.21484,17092950
2/9/17,38780,38840,38220,38400,31712.21484,13694150
2/10/17,38400,38760,38300,38360,31679.19531,11020750
2/13/17,37740,38060,37720,37960,31348.86914,11102050
2/14/17,37960,38260,37320,37580,31035.04297,13124150
2/15/17,37080,37960,37080,37720,31150.66016,14191550
2/16/17,37800,38360,37780,38020,31398.4082,10226350
2/17/17,37560,38040,37280,37860,31266.27344,15377450
2/20/17,38220,38780,38160,38660,31926.9375,7485800
2/21/17,38540,39560,38420,38940,32158.17578,10562600
2/22/17,39000,39340,38980,39300,32455.48242,8539450
2/23/17,39020,39440,39020,39180,32356.38281,10217300
2/24/17,38960,39100,38060,38220,31563.57422,9296850
2/27/17,38020,38140,37700,38060,31431.44531,9033700
2/28/17,38060,38760,37960,38440,31745.25781,15088700
3/2/17,38420,39860,38420,39720,32802.33203,21249800
3/3/17,39340,39720,39160,39620,32719.74414,12708700
3/6/17,39220,40220,39220,40080,33099.64063,12234850
3/7/17,39800,40320,39800,40200,33198.73438,10553250
3/8/17,40200,40620,40140,40200,33198.73438,12140950
3/9/17,40200,40300,40020,40200,33198.73438,14372250
3/10/17,39960,40420,39860,40180,33182.22656,10227800
3/13/17,40040,40980,40040,40600,33529.0625,7424100
3/14/17,40620,41540,40500,41360,34156.70703,11325050
3/15/17,40800,41440,40800,41400,34189.75391,9587850
3/16/17,41800,42180,41540,41840,34553.10938,9933150
3/17/17,41800,42500,41720,42400,35015.58594,12602300
3/20/17,42000,42120,41740,41900,34602.67578,10250050
3/21/17,41780,42680,41760,42560,35147.72266,14220150
3/22/17,41600,42460,41580,42460,35065.13281,16427250
3/23/17,42200,42360,41700,41800,34520.08203,15397100
3/24/17,41600,41980,41080,41500,34272.32813,12808150
3/27/17,41200,41880,41180,41200,34024.57813,12177650
3/28/17,41560,41840,41380,41480,34255.81641,8216250
3/29/17,41740,41960,41580,41780,34503.55469,10093250
3/30/17,41880,42440,41880,41980,34785.29688,8204000
3/31/17,41820,42020,41200,41200,34138.98047,10500300
4/3/17,41400,41720,41300,41440,34337.83984,9579400
4/4/17,41600,42180,41520,42080,34868.16016,12255500
4/5/17,41900,42240,41700,42140,34917.875,10699700
4/6/17,42000,42080,41600,41840,34669.28125,9683400
4/7/17,41800,41820,41160,41600,34470.42188,10021000
4/10/17,41940,41940,41500,41940,34752.15234,7141350
4/11/17,41940,41940,41580,41600,34470.42188,7172900
4/12/17,41860,41940,41700,41900,34719.01172,8274900
4/13/17,41660,42460,41660,42420,35149.88281,9040800
4/14/17,42160,42260,41760,42020,34818.44531,5462850
4/17/17,42000,42080,41520,41560,34437.28125,5224750
4/18/17,41680,41820,41280,41500,34387.55859,6860650
4/19/17,41300,41420,40900,40900,33890.38281,11762900
4/20/17,40580,40800,40080,40280,33376.64453,21148850
4/21/17,40480,41400,40480,40760,33774.38281,15130500
4/24/17,41260,41260,40920,41240,34172.12109,8990150
4/25/17,41460,42740,41320,42700,35381.90234,19299600
4/26/17,42700,42800,42520,42800,35464.75781,14794800
4/27/17,42700,44520,41960,43840,36326.51563,23032250
4/28/17,45780,45800,44520,44620,36972.83984,22685700
5/2/17,45500,45500,44760,44900,37204.85547,14068300
5/4/17,45700,45700,44860,45520,37718.59375,13690100
5/8/17,45520,47020,45340,47020,38961.51953,19582550
5/10/17,46160,47220,45600,45600,37784.89453,23410950
5/11/17,45420,46180,45220,45500,37702.02734,21277850
5/12/17,45760,46160,45660,45820,37967.1875,9422900
5/15/17,45620,46280,45620,46100,38199.1875,8001400
5/16/17,46660,46800,46100,46380,38431.20703,8803750
5/17/17,46120,46640,46100,46340,38398.05859,7424450
5/18/17,45740,46000,45540,45940,38066.62109,11160350
5/19/17,45640,45780,44720,44720,37055.69922,15762350
5/22/17,45040,45380,44760,45100,37370.57813,17643550
5/23/17,45400,45580,44900,44920,37221.42578,12607050
5/24/17,44860,45300,44800,44880,37188.28516,8675400
5/25/17,45160,45680,44800,45680,37851.17578,13044800
5/26/17,45600,46460,45540,46080,38182.60938,13613650
5/29/17,46220,46400,45380,45620,37801.46094,8739550
5/30/17,45520,45660,44480,44640,36989.41406,12433600
5/31/17,44580,45020,44400,44700,37039.14453,18669100
6/1/17,44860,44900,44400,44680,37022.5625,9753500
6/2/17,45060,45960,45000,45960,38083.19141,12488750
6/5/17,46040,46360,45720,45940,38066.62109,7599400
6/7/17,46500,46500,45240,45300,37536.30078,13729400
6/8/17,45000,45580,45000,45160,37420.29297,13978750
6/9/17,45680,46440,45600,46100,38199.1875,11732850
6/12/17,45420,45600,45140,45380,37602.58203,10954300
6/13/17,45140,45620,45140,45400,37619.16797,8624900
6/14/17,45800,46060,45240,45360,37586.01172,10166700
6/15/17,45680,45920,45180,45680,37851.17578,9657000
6/16/17,45500,45940,45460,45580,37768.30859,17403450
6/19/17,45580,46560,45560,46560,38580.35547,11303900
6/20/17,47240,48140,47220,48140,39889.57031,15045000
6/21/17,47740,48120,47480,47480,39342.69141,9973650
6/22/17,47960,48080,47720,47960,39740.42578,11455800
6/23/17,47600,47780,47420,47620,39458.68359,9515100
6/26/17,47520,48360,47520,48280,40005.5625,8552800
6/27/17,48220,48400,47900,48300,40022.14063,9616750
6/28/17,47600,48000,47560,47700,39524.97266,9572500
6/29/17,48040,48320,47940,47940,39840.78906,8306550
6/30/17,47500,47620,47100,47540,39508.35938,11877550
7/3/17,47500,47780,47120,47220,39242.40625,6805550
7/4/17,47160,47400,46900,47000,39059.59375,7961000
7/5/17,46820,47680,46780,47580,39541.59766,10640250
7/6/17,48000,48100,47720,48060,39940.49609,10923050
7/7/17,47740,48120,47620,47860,39774.29297,8131900
7/10/17,48500,48900,48320,48660,40439.14453,10792750
7/11/17,48640,49000,48280,49000,40721.6875,9717800
7/12/17,49000,50000,48840,49880,41453.02734,9486150
7/13/17,50080,50940,50040,50560,42018.13281,16034150
7/14/17,51000,51080,50420,50480,41951.65234,8239000
7/17/17,50900,51020,50520,50640,42084.63672,8976100
7/18/17,50420,50880,50360,50840,42250.84375,7084450
7/19/17,50620,50820,50000,50740,42167.73047,11157500
7/20/17,50760,51320,50560,51200,42550.00781,8367600
7/21/17,50860,51160,50520,51080,42450.28906,8449050
7/24/17,50700,51000,50620,50860,42267.46094,7099750
7/25/17,50500,50760,49940,50000,41552.75,10810600
7/26/17,49600,50020,49300,49840,41419.78125,11224800
7/27/17,50000,50640,49560,49800,41386.53906,11449500
7/28/17,49800,49800,47380,47760,39691.1875,26168300
7/31/17,47420,48240,46920,48200,40056.85156,12701400
8/1/17,48000,48840,47540,48600,40389.27734,11369500
8/2/17,49200,49340,48600,49000,40721.6875,7777450
8/3/17,49000,49000,47120,47780,39707.80859,15540800
8/4/17,48160,48180,47500,47700,39641.32031,8359200
8/7/17,47500,48080,47440,47580,39541.59766,7218250
8/8/17,47980,48260,47480,47720,39657.94922,7979600
8/9/17,47400,47400,46240,46280,38461.22656,14555400
8/10/17,46200,46320,45460,45900,38145.42578,22986150
8/11/17,45120,45300,44220,44620,37081.67578,25407300
8/14/17,45120,45400,44720,45000,37397.46875,19185600
8/16/17,46220,46380,46000,46200,38394.73828,21913650
8/17/17,46960,47300,46740,47040,39092.82813,12415850
8/18/17,46760,47240,46240,46900,38976.48828,10477950
8/21/17,47240,47240,46580,46840,38926.625,5103450
8/22/17,46820,47160,46700,47000,39059.59375,7381750
8/23/17,47780,47780,47180,47480,39458.50391,9384700
8/24/17,47520,47660,47340,47520,39491.74219,8657450
8/25/17,47880,47880,46720,47020,39076.20703,11243550
8/28/17,47020,47240,45960,46100,38311.63672,9962100
8/29/17,45640,46080,45160,46080,38295.00781,12623650
8/30/17,46380,46400,45960,46200,38394.73828,7513000
8/31/17,46220,46640,46000,46320,38494.46484,11011700
9/1/17,46460,46640,46300,46480,38627.44141,10641700
9/4/17,45780,46360,45500,46040,38261.77344,7943500
9/5/17,46240,46900,45960,46760,38860.13281,11716100
9/6/17,46760,47180,46700,47000,39059.59375,10811050
9/7/17,47000,48220,47000,48120,39990.37891,9676500
9/8/17,48700,49180,48580,49080,40788.17969,10893000
9/11/17,49700,50180,49500,49800,41386.53906,10374750
9/12/17,50200,50220,49140,49600,41220.33203,12029750
9/13/17,49820,50400,49440,49620,41236.94531,9357000
9/14/17,50060,50320,49760,50300,41802.07422,14204750
9/15/17,50300,50560,49860,50400,41885.17969,10757300
9/18/17,50540,52480,50520,52480,43613.76953,11524950
9/19/17,52500,52640,51780,52120,43314.57813,9850400
9/20/17,52120,52500,51840,52220,43397.70313,9292750
9/21/17,52220,52960,52220,52800,43879.70703,8839800
9/25/17,53000,53680,53000,53620,44561.17188,9303100
9/26/17,53620,53620,53620,53620,44561.17188,0
9/27/17,52000,52200,51500,51680,42948.9375,10797000
9/28/17,52260,52460,51260,51260,42715.59375,12025450
9/29/17,51180,51620,50840,51280,42732.26172,12909400
10/10/17,53360,53640,52800,52800,43998.89453,20519800
10/11/17,53600,54760,53340,54640,45532.20313,13652150
10/12/17,54840,55160,54100,54800,45665.52734,13890700
10/13/17,54540,54840,53780,54000,44998.87109,12601650
10/16/17,53980,54860,53760,53920,44932.20313,9769950
10/17/17,54020,55380,54000,54800,45665.52734,10607800
10/18/17,54820,55240,54040,54760,45632.18359,10110750
10/19/17,54700,54700,52980,52980,44148.88672,12108700
10/20/17,52800,54100,52800,53840,44865.53516,8027050
10/23/17,54600,54640,54000,54300,45248.87109,8311050
10/24/17,54700,54780,54040,54040,45032.19922,5806050
10/25/17,54040,54420,53700,53900,44915.53906,5882850
10/26/17,53720,53900,52400,52400,43665.57031,9776550
10/27/17,52400,53320,52140,53080,44232.22656,7392500
10/30/17,53780,54320,53700,54040,45032.19922,8196150
10/31/17,54060,55440,53500,55080,45898.84766,13381550
11/1/17,57500,57500,56180,57220,47682.13281,14510250
11/2/17,57500,57520,56760,57060,47548.8125,10721050
11/3/17,57060,57140,55860,56380,46982.15234,9935800
11/6/17,56380,56500,55340,56380,46982.15234,9000950
11/7/17,56380,56920,55860,56100,46748.82813,7464550
11/8/17,56100,57060,55860,56760,47298.8125,8520200
11/9/17,56920,56920,55900,56340,46948.8125,11994050
11/10/17,55800,56540,55780,56400,46998.82422,6748800
11/13/17,56400,56800,56100,56380,46982.15234,8806650
11/14/17,56380,56740,55920,55920,46598.83594,6725000
11/15/17,55920,56320,55320,55340,46115.51953,8816950
11/16/17,55440,56000,55400,55780,46482.17969,7640700
11/17/17,56400,56880,55820,55820,46515.50781,10733150
11/20/17,55900,55980,55200,55200,45998.84766,9472750
11/21/17,55400,55840,55280,55280,46065.49609,10324700
11/22/17,55980,56200,55620,55960,46632.16406,7952950
11/23/17,55960,55980,55020,55300,46082.17578,6272900
11/24/17,55300,55500,55180,55460,46215.50781,4536200
11/27/17,55360,55360,52640,52640,43865.56641,18128900
11/28/17,52700,53280,51720,53280,44398.88672,13499400
11/29/17,53200,53240,52500,52600,43832.23828,9590250
11/30/17,50800,51860,50200,50800,42332.27344,29634150
12/1/17,50800,51780,50800,50840,42365.60547,12868600
12/4/17,50840,51340,50020,51340,42782.26563,14865050
12/5/17,50600,51300,50280,51260,42715.59375,9326550
12/6/17,51260,51560,50020,50020,41682.28125,10889200
12/7/17,50040,50980,50020,50740,42282.27344,11065600
12/8/17,51360,52000,51040,52000,43332.24219,11290450
12/11/17,52000,52040,51500,51780,43148.91797,8125850
12/12/17,51820,52100,51660,52100,43415.58203,8765050
12/13/17,52100,52100,51100,51320,42765.59375,11333700
12/14/17,51320,52280,51060,51060,42548.92969,20310400
12/15/17,51240,51480,50520,50620,42182.28906,14928550
12/18/17,50620,51240,50620,51200,42665.59375,7350250
12/19/17,51540,52080,51520,51560,42965.59375,11978600
12/21/17,51000,51060,49100,49140,40948.97266,15624300
12/22/17,49400,49960,49240,49700,41415.63672,11199650
12/26/17,49760,50100,48200,48200,40165.66016,16039850
12/27/17,48960,49560,48460,49360,41502.55469,10743600
12/28/17,49560,50960,49500,50960,42847.86328,8985450
1/2/18,51380,51400,50780,51020,42898.29688,8474250
1/3/18,52540,52560,51420,51620,43402.78906,10013500
1/4/18,52120,52180,50640,51080,42948.74609,11695450
1/5/18,51300,52120,51200,52120,43823.19141,9481150
1/8/18,52400,52520,51500,52020,43739.10547,8383650
1/9/18,51460,51720,49980,50400,42377.00391,18013600
1/10/18,50500,50520,48640,48840,41065.33594,18566800
1/11/18,48200,49260,48020,48240,40560.84766,25123800
1/12/18,48240,48480,46760,48200,40527.21094,27270450
1/15/18,48800,48980,47920,48540,40813.08984,10096000
1/16/18,48760,50140,48620,50000,42040.67188,20389650
1/17/18,50020,50020,49060,49620,41721.15625,11053050
1/18/18,50020,50640,49820,49900,41956.58984,14848850
1/19/18,50380,50380,49040,49320,41468.92188,9219950
1/22/18,48640,48680,47960,48240,40560.84766,12520900
1/23/18,48660,49160,48300,49160,41334.39063,13532700
1/24/18,48860,49700,48560,49340,41485.73047,9550500
1/25/18,49220,50360,49160,50260,42259.28125,11160350
1/26/18,50500,50780,49840,50780,42696.51172,10350100
1/29/18,51200,51480,50900,51220,43066.47656,11838800
1/30/18,50440,50640,49780,49800,41872.51172,12284550
1/31/18,50020,54140,49600,49900,41956.58984,64681300
2/1/18,50620,50960,49720,49820,41889.32813,27609450
2/2/18,49380,49400,47700,47700,40106.80078,29260350
2/5/18,46500,48320,46000,47920,40291.77734,28357900
2/6/18,46600,47920,46580,47420,39871.36328,19406450
2/7/18,48240,48260,45800,45800,38509.26172,23448050
2/8/18,46120,46620,45980,46000,38677.42188,23251050
2/9/18,44440,45180,44420,44700,37584.37109,17465000
2/12/18,45100,46320,45040,45720,38442,15754950
2/13/18,46200,48060,46200,47540,39972.28516,18923250
2/14/18,48080,49100,47940,49000,41199.85547,18905900
2/19/18,49800,49800,47860,48380,40678.5625,15353450
2/20/18,48040,48160,47220,47400,39854.55859,10122600
2/21/18,47280,47580,46840,47280,39753.66016,12880200
2/22/18,47260,47260,46760,46760,39316.4375,8869950
2/23/18,46760,47800,46760,47220,39703.19922,12423300
2/26/18,47280,47560,47080,47380,39837.74219,9560650
2/27/18,48360,48380,47380,47380,39837.74219,9830550
2/28/18,47380,48100,47000,47060,39568.68359,15162350
3/2/18,46580,46800,46000,46020,38694.23438,13265500
3/5/18,45820,46160,45080,45200,38004.76563,14100950
3/6/18,45920,47100,45820,47020,39535.05078,15423350
3/7/18,48200,48900,47220,48620,40880.35156,21427050
3/8/18,49200,49480,48080,49200,41368.01953,19463650
3/9/18,49440,50540,49240,49740,41822.05469,14304400
3/12/18,50560,50780,49580,49740,41822.05469,8688950
3/13/18,50760,51660,50360,51660,43436.41797,20098700
3/14/18,51020,52000,51000,51760,43520.51172,12713250
3/15/18,52000,52020,51020,51540,43335.53516,8882450
3/16/18,51220,51420,50240,51140,42999.19531,12184900
3/19/18,50620,51340,50440,50740,42662.87109,8218850
3/20/18,50700,51200,50100,51200,43049.63672,8193250
3/21/18,51780,51780,51060,51060,42931.93359,8905200
3/22/18,51060,51780,51040,51780,43537.32422,8454100
3/23/18,50340,50720,49600,49720,41805.24609,14854950
3/26/18,49420,50280,49040,50280,42276.09766,10057750
3/27/18,50320,50460,49080,49980,42023.85938,11874000
3/28/18,49100,49100,48340,48700,40947.61719,15159450
3/29/18,48700,49560,48320,49040,41535.41016,10067000
3/30/18,49080,49900,49080,49220,41687.85547,7777100
4/2/18,49000,49220,48500,48540,41111.92969,7115650
4/3/18,47880,48140,47280,48120,40756.21094,12768250
4/4/18,48160,48260,46920,46920,39739.84375,12384200
4/5/18,47400,49380,47340,48740,41281.32031,13245600
4/6/18,48000,48580,47400,48400,40993.34375,12532700
4/9/18,48260,49440,48200,49200,41670.92578,9950400
4/10/18,48540,49220,48040,48880,41399.90625,10984350
4/11/18,49900,49900,48600,48860,41382.95313,10051100
4/12/18,49440,49440,48880,49000,41501.52734,12466250
4/13/18,49600,50180,49400,49800,42179.10938,10278300
4/16/18,50320,50600,49860,50340,42636.48438,7877450
4/17/18,50240,50540,49820,49980,42331.56641,7772000
4/18/18,51000,51360,50580,51360,43500.375,13462600
4/19/18,52000,52980,51540,52780,44703.07422,17190550
4/20/18,51800,52260,51420,51620,43720.59375,11761000
4/23/18,51000,52080,51000,51900,43957.74609,11619000
4/24/18,51840,51860,50080,50460,42738.11719,15770300
4/25/18,49220,50500,49220,50400,42687.29688,16614600
4/26/18,50420,52160,50400,52140,44161.01172,18046550
4/27/18,53380,53640,52440,53000,44889.41406,30310800
4/30/18,53000,53000,53000,53000,44889.41406,0
5/2/18,53000,53000,53000,53000,44889.41406,0
5/3/18,53000,53000,53000,53000,44889.41406,0
5/4/18,53000,53900,51800,51900,43957.74609,39565391
5/8/18,52600,53200,51900,52600,44550.625,23104720
5/9/18,52600,52800,50900,50900,43110.76953,16128305
5/10/18,51700,51700,50600,51600,43703.65234,13905263
5/11/18,52000,52200,51200,51300,43449.56641,10314997
5/14/18,51000,51100,49900,50100,42433.20703,14909272
5/15/18,50200,50400,49100,49200,41670.92578,18709146
5/16/18,49200,50200,49150,49850,42221.46094,15918683
5/17/18,50300,50500,49400,49400,41840.32813,10365440
5/18/18,49900,49900,49350,49500,41925.01563,6706570
5/21/18,49650,50200,49100,50000,42348.5,9020998
5/23/18,50600,52000,50400,51800,43873.05859,17095490
5/24/18,52000,52000,51100,51400,43534.25391,8289275
5/25/18,51000,52800,50800,52700,44635.32813,15207266
5/28/18,52500,53000,52000,52300,44296.52734,9787820
5/29/18,52200,52500,51300,51300,43449.56641,8480437
5/30/18,51300,51500,49100,49500,41925.01563,20498098
5/31/18,50400,50800,49850,50700,42941.37891,63491109
6/1/18,50500,51700,49950,51300,43449.56641,13038499
6/4/18,50800,51200,50700,51100,43280.16797,9767171
6/5/18,51100,51400,50400,51300,43449.56641,9144100
6/7/18,51800,51800,50500,50600,42856.67969,13590016
6/8/18,50200,50400,49600,49650,42052.0625,16951706
6/11/18,49750,50300,49350,49900,42263.80469,10571312
6/12/18,49700,49800,49250,49400,41840.32813,12110569
6/14/18,49000,49000,48200,48200,40823.95703,20971729
6/15/18,48500,48700,47650,47650,40358.11328,17080892
6/18/18,47600,47650,46200,46600,39468.80078,16661870
6/19/18,47200,47350,46500,47000,39807.59375,15217971
6/20/18,47450,47600,46850,47000,39807.59375,12959316
6/21/18,47900,47900,47050,47050,39849.94531,10015541
6/22/18,47000,47250,46200,47250,40019.33594,10298006
6/25/18,47050,47050,46150,46650,39511.15234,10587711
6/26/18,45900,47300,45900,47000,39807.59375,11223166
6/27/18,47450,48500,47000,47950,40612.21094,15274752
6/28/18,46850,47150,46600,46800,39933.00781,12784800
6/29/18,46250,47150,46200,46650,39805.02734,14099635
7/2/18,46500,47150,45500,45550,38866.42969,13112253
7/3/18,45750,46450,45750,46150,39378.38672,10959655
7/4/18,46700,47050,46050,46250,39463.71484,8776763
7/5/18,46100,46550,45600,45950,39207.73438,7039773
7/6/18,45500,45850,44650,44900,38311.80078,17843706
7/9/18,45500,46100,45200,45600,38909.09766,11602464
7/10/18,46200,46550,46100,46300,39506.375,10528665
7/11/18,46400,46450,45400,46000,39250.39453,11224077
7/12/18,45900,46250,45450,45500,38823.76172,11828104
7/13/18,45800,46500,45750,46500,39677.02734,11543389
7/16/18,46800,46800,46000,46050,39293.06641,7678719
7/17/18,46150,46200,45600,45850,39122.40234,8892953
7/18/18,46700,47200,46450,46550,39719.69141,10952645
7/19/18,47050,47200,46600,46900,40018.34766,9880128
7/20/18,47000,47600,46700,47450,40487.64453,10474547
7/23/18,47100,47200,46150,46500,39677.02734,10823782
7/24/18,46350,46600,45950,46150,39378.38672,8261363
7/25/18,46250,46550,45900,46150,39378.38672,7222471
7/26/18,46100,47000,46000,46900,40018.34766,7374946
7/27/18,46450,47000,46450,46900,40018.34766,4762460
7/30/18,46550,46800,46350,46500,39677.02734,5723035
7/31/18,46200,46450,46000,46250,39463.71484,8033607
8/1/18,46050,46850,46050,46550,39719.69141,7484499
8/2/18,46550,46800,45500,45550,38866.42969,8560924
8/3/18,45850,45900,45450,45750,39037.08203,8274944
8/6/18,46150,46150,45750,45800,39079.74219,6771979
8/7/18,46300,46750,45900,46700,39847.68359,9058174
8/8/18,47000,47000,46550,46800,39933.00781,6429338
8/9/18,47000,47050,46450,46900,40018.34766,12010886
8/10/18,46150,46400,44850,45400,38738.43359,16670643
8/13/18,44950,45100,44650,45050,38439.79297,9803831
8/14/18,44850,45400,44850,45150,38525.12109,6409259
8/16/18,43800,44650,43700,44250,37757.17969,10088229
8/17/18,44050,44400,44050,44100,37629.17969,6808747
8/20/18,43500,44200,43500,43850,37415.86719,7289124
8/21/18,43700,44900,43700,44800,38226.47266,9520270
8/22/18,45150,46200,44900,46100,39335.72266,11641656
8/23/18,46150,46200,45700,46200,39421.05078,6730918
8/24/18,45900,46400,45550,46150,39378.38672,6582535
8/27/18,46100,46550,46000,46300,39506.375,5263782
8/28/18,46800,46950,46300,46550,39719.69141,7365976
8/29/18,46750,46800,46400,46800,39933.00781,5572374
8/30/18,46950,47950,46700,47650,40658.29688,12193231
8/31/18,47100,48450,47000,48450,41340.89844,13577454
9/3/18,48200,48300,47300,47450,40487.64453,8595084
9/4/18,47550,47800,47200,47650,40658.29688,6791255
9/5/18,47300,47450,46400,46600,39762.35547,9139998
9/6/18,46200,46400,45800,46100,39335.72266,9040553
9/7/18,44500,45200,44400,44900,38311.80078,18285508
9/10/18,45450,45550,45000,45500,38823.76172,9979838
9/11/18,45550,45900,45050,45050,38439.79297,9865790
9/12/18,44900,45100,44500,44550,38013.15625,12995269
9/13/18,44550,44750,44000,44050,37586.51953,18277942
9/14/18,45000,45850,44900,45850,39122.40234,12446344
9/17/18,45550,45800,44900,45150,38525.12109,8123384
9/18/18,44950,45900,44700,45500,38823.76172,9987090
9/19/18,46000,46200,45700,46150,39378.38672,9367454
9/20/18,46850,47600,46400,47250,40316.98047,13536966
9/21/18,46550,47550,46550,47400,40444.96875,14476906
9/27/18,46950,47500,46450,47500,40835.27734,15804586
9/28/18,47250,47250,46300,46450,39932.60547,11270515
10/1/18,46450,46800,45800,46350,39846.63672,6354983
10/2/18,46450,46700,45700,45700,39287.83594,6607188
10/4/18,45150,45600,44700,44700,38428.15234,11865327
10/5/18,44800,45500,44550,44700,38428.15234,10544165
10/8/18,44200,45200,44200,44950,38643.07422,6759464
10/10/18,45250,45500,44500,45300,38943.94141,10341349
10/11/18,44000,44650,43100,43100,37052.63281,19324537
10/12/18,43200,44650,43200,44000,37826.34375,12640906
10/15/18,44050,44050,43350,43800,37654.42578,7434522
10/16/18,43700,44150,43350,43600,37482.47656,6825677
10/17/18,44150,44500,44000,44150,37955.32031,8306193
10/18/18,43950,44450,43700,44050,37869.34375,8347725
10/19/18,43900,44150,43450,43900,37740.39453,7842520
10/22/18,43450,43950,43200,43550,37439.49219,8357648
10/23/18,43300,43450,42550,43050,37009.65625,9531231
10/24/18,43050,43100,42250,42550,36579.8125,13522825
10/25/18,40600,41550,40550,41000,35247.29297,19338170
10/26/18,41100,41300,40400,41000,35247.29297,14413864
10/29/18,40850,41950,40550,41400,35591.16797,14460521
10/30/18,41400,43000,41000,42350,36407.86719,14205190
10/31/18,42900,43350,41700,42400,36450.84766,17621480
11/1/18,42450,42950,42150,42150,36235.92969,13423132
11/2/18,43050,44250,42800,44150,37955.32031,16517112
11/5/18,43750,43800,42900,43800,37654.42578,9426777
11/6/18,43750,43800,42950,43750,37611.43359,7713625
11/7/18,43600,44500,43400,44000,37826.34375,11553998
11/8/18,44900,45050,44050,44050,37869.34375,12617397
11/9/18,44450,44850,43900,44300,38084.26172,7318500
11/12/18,43850,45250,43700,45200,38857.98828,8552566
11/13/18,43900,44500,43400,44500,38256.19531,9311126
11/14/18,44500,44500,43800,44100,37912.32813,6783344
11/15/18,44050,44350,43500,44250,38041.27734,5864067
11/16/18,44600,44750,43700,44000,37826.34375,7777124
11/19/18,44050,44250,43450,43650,37525.46484,7538720
11/20/18,42450,43000,42100,42800,36794.73438,9420664
11/21/18,41800,42300,41800,42100,36192.9375,10769589
11/22/18,42000,42650,42000,42450,36493.83984,5970796
11/23/18,42450,42600,41900,42400,36450.84766,5192638
11/26/18,42150,42800,42100,42600,36622.79297,6613009
11/27/18,42900,43100,42500,43050,37009.65625,8367091
11/28/18,42800,43200,42750,43150,37095.62109,6943099
11/29/18,43850,43850,42900,43150,37095.62109,8473511
11/30/18,43450,44000,41750,41850,35978.01953,19775519
12/3/18,42750,43400,42400,43250,37181.59375,12110702
12/4/18,42650,42900,41900,42150,36235.92969,14347746
12/5/18,40900,41750,40850,41450,35634.14453,12631983
12/6/18,40600,41100,40450,40500,34817.44141,14251826
12/7/18,40900,41400,40850,40950,35204.30859,11433083
12/10/18,40450,40650,40000,40200,34559.53125,14892263
12/11/18,40600,40700,40200,40250,34602.51563,10638766
12/12/18,40250,40700,40150,40450,34774.46094,12024279
12/13/18,40650,40750,40000,40000,34387.59375,26254646
12/14/18,40200,40200,38700,38950,33484.91406,19671783
12/17/18,38650,39600,38650,39150,33656.87109,11532968
12/18/18,38300,39200,38300,38900,33441.93359,11042101
12/19/18,38900,39350,38850,39100,33613.875,9942037
12/20/18,38600,39100,38500,38650,33227.01563,11937617
12/21/18,38200,38650,38100,38650,33227.01563,14947080
12/24/18,38500,39050,38300,38800,33355.97656,9729530
12/26/18,38400,38750,38300,38350,32969.10938,12707675
12/27/18,38700,38800,38100,38250,33189.5,10510643
12/28/18,38250,38900,38200,38700,33579.96875,9900267
1/2/19,39400,39400,38550,38750,33623.35547,7847664
1/3/19,38300,38550,37450,37600,32625.50195,12471493
1/4/19,37450,37600,36850,37450,32495.34961,14108958
1/7/19,38000,38900,37800,38750,33623.35547,12748997
1/8/19,38000,39200,37950,38100,33059.35547,12756554
1/9/19,38650,39600,38300,39600,34360.90234,17452708
1/10/19,40000,40150,39600,39800,34534.4375,14731699
1/11/19,40350,40550,39950,40500,35141.82813,11661063
1/14/19,40450,40700,39850,40050,34751.375,11984996
1/15/19,40050,41100,39850,41100,35662.45703,11492756
1/16/19,41150,41450,40700,41450,35966.14453,8491595
1/17/19,41700,42100,41450,41950,36399.99609,11736903
1/18/19,42000,42400,41950,42300,36703.68359,11029256
1/21/19,42700,42750,41900,42750,37094.15234,11355701
1/22/19,42750,42850,41850,42150,36573.52734,9964356
1/23/19,41350,42250,41350,42000,36443.37891,11071079
1/24/19,43050,43100,42350,43050,37354.46875,14747623
1/25/19,44300,44750,43750,44750,38829.54688,22789395
1/28/19,45000,45500,44600,45050,39089.85938,17998914
1/29/19,45050,45500,44350,45500,39480.33594,16215017
1/30/19,44800,46400,44800,46400,40261.26172,17505980
1/31/19,46650,47050,46150,46150,40044.32813,21621145
2/1/19,46650,46950,46250,46350,40217.87891,13832454
2/7/19,46800,47100,46200,46200,40087.71484,15872001
2/8/19,45700,45700,44650,44800,38872.92969,12689196
2/11/19,44500,45000,44250,45000,39046.47656,11125044
2/12/19,44650,46250,44650,46050,39957.5625,13184367
2/13/19,46400,46700,46000,46200,40087.71484,11299738
2/14/19,46600,47500,46150,47500,41215.72266,17259341
2/15/19,46750,46850,45650,46050,39957.5625,10554643
2/18/19,46500,46850,45850,46200,40087.71484,8183728
2/19/19,45850,46150,45450,45950,39870.79688,6741395
2/20/19,46750,47100,46500,46900,40695.11328,11506720
2/21/19,46500,47200,46200,46950,40738.49609,8694009
2/22/19,46500,47150,46450,47150,40912.02734,6895772
2/25/19,47400,47550,47050,47350,41085.57422,7484716
2/26/19,47350,47450,46500,46750,40564.95313,7985547
2/27/19,47000,47250,46750,46750,40564.95313,8045211
2/28/19,46400,46500,45100,45100,39133.24609,23569321
3/4/19,46000,46100,44800,44850,38916.32422,12926539
3/5/19,44600,45100,44150,44250,38395.70313,10612405
3/6/19,44000,44300,43700,44000,38178.77344,10202544
3/7/19,43400,44950,43400,44450,38569.24219,11049749
3/8/19,44450,44800,43800,43800,38005.23438,7729069
3/11/19,44400,44450,43650,43650,37875.08203,10717408
3/12/19,44300,44950,44150,44650,38742.77734,11431977
3/13/19,44250,44450,43700,43850,38048.62891,8108343
3/14/19,43700,44300,43550,43850,38048.62891,18039161
3/15/19,43800,44250,43700,44200,38352.3125,16814163
3/18/19,43950,44150,43450,43700,37918.46484,8188876
3/19/19,43750,43900,43550,43900,38092.01172,7609563
3/20/19,43800,44200,43100,44050,38222.16406,9846242
3/21/19,44600,46250,44050,45850,39784.01953,21138016
3/22/19,46850,47000,46250,46550,40391.41406,12535911
3/25/19,45300,45650,44800,45500,39480.33594,8699728
3/26/19,45500,45700,44900,45250,39263.39844,9729811
3/27/19,44750,45600,44250,45350,39350.17188,9568081
3/28/19,44950,45200,44300,44850,39222.49219,6821306
3/29/19,44500,44900,44200,44650,39047.58203,11491713
4/1/19,45200,45450,44850,45050,39397.40234,7362129
4/2/19,45550,46100,45350,45750,40009.56641,9480688
4/3/19,46750,46750,45800,46600,40752.91016,12436570
4/4/19,46150,47100,46150,46950,41058.99609,12650168
4/5/19,46950,47550,46600,46850,40971.54688,8546339
4/8/19,47250,47250,46150,46650,40796.64063,8507909
4/9/19,46700,46950,46200,46650,40796.64063,6878761
4/10/19,46400,46700,46050,46700,40840.37109,11883995
4/11/19,46700,46800,46150,46250,40446.82422,13697399
4/12/19,46050,46900,46000,46850,40971.54688,7668936
4/15/19,47150,47500,47000,47050,41146.44531,8733019
4/16/19,47400,47400,46800,47250,41321.35156,7730881
4/17/19,47300,47600,47000,47050,41146.44531,5513658
4/18/19,47200,47250,45500,45600,39878.37891,12808747
4/19/19,45750,46000,45250,45300,39616.02344,8479710
4/22/19,45400,45900,45100,45350,39659.75,6006957
4/23/19,45050,45500,45000,45200,39528.57422,6920566
4/24/19,45400,45650,44150,44750,39135.03906,13299267
4/25/19,44250,45000,44100,44650,39047.58203,10868965
4/26/19,44200,45000,43800,44850,39222.49219,9739982
4/29/19,45150,46150,45100,46150,40359.38281,8777517
4/30/19,46000,46300,45350,45850,40097.01563,11121273
5/2/19,45500,46150,45400,45900,40140.74219,8625126
5/3/19,45900,46050,45300,45300,39616.02344,6562916
5/7/19,45250,45300,44400,44850,39222.49219,12014907
5/8/19,44300,44850,44200,44250,38697.77344,10398754
5/9/19,43900,44250,42450,42450,37123.63672,23029718
5/10/19,42600,43450,42450,42900,37517.16797,14579512
5/13/19,42500,43200,42350,42650,37298.53516,7635079
5/14/19,41300,43100,41300,42650,37298.53516,11563730
5/15/19,42700,43050,42550,42550,37211.08984,7670185
5/16/19,42350,42400,41350,41550,36336.55469,13687828
5/17/19,41950,42050,40850,41200,36030.46875,13357951
5/20/19,41650,42100,41550,42000,36730.08594,15752397
5/21/19,42600,43950,42350,43150,37735.80859,18812133
5/22/19,43700,43800,42400,43500,38041.88281,11033339
5/23/19,43900,44000,43250,43850,38347.97266,12259006
5/24/19,43800,43800,42400,42700,37342.25391,13966305
5/27/19,42500,43000,42350,42650,37298.53516,8066669
5/28/19,42550,42950,42150,42550,37211.08984,24506881
5/29/19,41850,42100,41300,41800,36555.1875,14930618
5/30/19,42200,42700,42150,42550,37211.08984,11766018
5/31/19,42600,42800,42150,42500,37167.36328,11365999
6/3/19,42950,43900,42500,43800,38304.23828,15466580
6/4/19,43400,43700,43000,43450,37998.16016,9913497
6/5/19,44050,44200,43700,43900,38391.68359,12464135
6/7/19,43600,44350,43450,44200,38654.04297,11683682
6/10/19,44300,44850,44050,44800,39178.76563,8792182
6/11/19,44800,45000,44550,44850,39222.49219,6664872
6/12/19,44800,45050,44300,44600,39003.85938,8607439
6/13/19,44200,44400,43400,43750,38260.51563,16906541
6/14/19,43750,44150,43300,44000,38479.13672,9322873
6/17/19,43750,44050,43400,43900,38391.68359,11890424
6/18/19,43750,44500,43650,44350,38785.23047,7994928
6/19/19,45450,45450,45000,45350,39659.75,10417690
6/20/19,44850,45500,44850,45500,39790.92969,7147785
6/21/19,45750,45800,45200,45700,39965.83594,9454913
6/24/19,45200,45800,45200,45500,39790.92969,6085066
6/25/19,45200,45800,45200,45600,39878.37891,7076774
6/26/19,45800,46000,45600,45700,39965.83594,9226097
6/27/19,46000,46600,45750,46500,40982.91406,12603534
6/28/19,47000,47000,46700,47000,41423.59766,12949231
7/1/19,47350,47400,46250,46600,41071.05078,11383522
7/2/19,46200,46900,45850,46250,40762.58203,8463073
7/3/19,45750,46350,45200,45400,40013.43359,9669368
7/4/19,45250,46200,45250,46000,40542.24609,6365573
7/5/19,45950,45950,45250,45650,40233.76953,7235395
7/8/19,44750,44800,44350,44400,39132.07813,7823843
7/9/19,44850,45450,44700,45100,39749.02344,7646421
7/10/19,45550,46150,45500,45550,40145.64063,9253930
7/11/19,46350,46550,46150,46200,40718.51953,10989751
7/12/19,46350,46400,45800,46300,40806.65234,5245804
7/15/19,45950,46650,45750,46450,40938.85156,4717226
7/16/19,46450,46850,46300,46850,41291.39453,7407824
7/17/19,46150,46350,45950,46050,40586.30859,5216602
7/18/19,46450,46450,45650,46100,40630.37891,5143554
7/19/19,46650,46950,46600,46800,41247.32422,8819393
7/22/19,46800,47300,46600,47200,41599.86719,9009109
7/23/19,47350,47550,47050,47300,41688,9061381
7/24/19,47100,47150,46250,46400,40894.78125,8756522
7/25/19,47150,47200,46600,47200,41599.86719,8408838
7/26/19,46650,47150,46550,47150,41555.79688,7873886
7/29/19,46800,47050,46000,46100,40630.37891,6856846
7/30/19,46300,46850,46300,46550,41026.98828,5551014
7/31/19,46200,46600,45000,45350,39969.36328,12872916
8/1/19,44900,45500,44850,45200,39837.15625,7811181
8/2/19,44550,45500,44300,44950,39616.82813,12151374
8/5/19,44350,44600,43600,43950,38735.47266,14214086
8/6/19,42500,43800,42500,43500,38338.86328,15083824
8/7/19,43600,43900,43100,43200,38074.46094,10002533
8/8/19,43250,43500,42650,42650,37589.71094,16926881
8/9/19,43250,43350,43050,43150,38030.39063,9685147
8/12/19,44000,44000,43550,43700,38515.13281,8466169
8/13/19,43500,43500,42950,43000,37898.17969,7276979
8/14/19,43900,44250,43500,43700,38515.13281,8750135
8/16/19,43800,43900,43300,43900,38691.40234,9528115
8/19/19,44350,44350,43500,43600,38426.99609,6014218
8/20/19,43950,44600,43550,44450,39176.14453,8434205
8/21/19,44350,44800,44150,44500,39220.20703,6571717
8/22/19,44500,44700,43850,44050,38823.60547,8061177
8/23/19,43800,44200,43650,43950,38735.47266,5017381
8/26/19,43050,43800,42950,43600,38426.99609,7954949
8/27/19,43650,44200,43600,44050,38823.60547,16883932
8/28/19,44100,44400,43750,44150,38911.74609,5758333
8/29/19,44200,44200,43050,43400,38250.72266,10768862
8/30/19,43750,44300,43750,44000,38779.52734,9899073
9/2/19,44850,44850,43650,43800,38603.26172,7185537
9/3/19,43550,43650,43100,43250,38118.51953,9774941
9/4/19,43250,44100,43150,44100,38867.67188,12441837
9/5/19,44800,46100,44450,45700,40277.83594,18297430
9/6/19,46500,46500,45850,46300,40806.65234,9896562
9/9/19,46450,47000,46300,46900,41335.46875,9434157
9/10/19,47100,47200,46550,47000,41423.59766,9231792
9/11/19,47300,47400,46800,47150,41555.79688,16141619
9/16/19,47000,47100,46400,47100,41511.72656,15550926
9/17/19,47000,47100,46800,46900,41335.46875,7006280
9/18/19,46900,47700,46800,47700,42040.54688,10413027
9/19/19,48050,49200,47850,49150,43318.51172,16461413
9/20/19,49400,49600,49100,49200,43362.57031,15460210
9/23/19,49250,49300,49000,49300,43450.70703,7568553
9/24/19,49050,49650,48850,49500,43626.98047,7871955
9/25/19,49200,49350,48800,48900,43098.17188,9187141
9/26/19,49000,49250,48900,49200,43362.57031,8494756
9/27/19,48000,48700,48000,48400,42966.64063,8048041
9/30/19,48050,49250,47900,49050,43543.66406,9497119
10/1/19,48900,49100,48650,48850,43366.12891,6206035
10/2/19,48350,48400,47600,47600,42256.44531,8382463
10/4/19,47400,48650,47350,48000,42611.54688,9331695
10/7/19,48350,48700,47650,47750,42389.59766,7047273
10/8/19,47900,49000,47600,48900,43410.51563,14239367
10/10/19,48200,49200,48000,48550,43099.80078,18639855
10/11/19,49000,49450,48800,49150,43632.44922,7783275
10/14/19,50000,50300,49850,50000,44387.02344,11130635
10/15/19,49900,50200,49900,50100,44475.80859,6058105
10/16/19,50700,50900,50400,50700,45008.44141,9136282
10/17/19,50500,50600,50100,50500,44830.90234,6701380
10/18/19,50300,50900,49650,49900,44298.24219,8483106
10/21/19,49900,50400,49800,50300,44653.34375,4406531
10/22/19,50800,51500,50700,51200,45452.32031,10898729
10/23/19,51300,51500,50800,51200,45452.32031,8663880
10/24/19,52500,52500,50500,50700,45008.44141,21185785
10/25/19,50800,51200,50500,50900,45185.99219,7879897
10/28/19,50700,51500,50700,51300,45541.08594,6431522
10/29/19,51400,51700,50800,51100,45363.54688,7581629
10/30/19,50700,50800,50200,50400,44742.12109,8959435
10/31/19,51000,51400,50300,50400,44742.12109,10304777
11/1/19,50600,51200,50400,51200,45452.32031,8467846
11/4/19,51700,52300,51400,52300,46428.82422,13012411
11/5/19,52400,52700,52100,52700,46783.92188,10581034
11/6/19,52900,53500,52700,53300,47316.5625,14361133
11/7/19,53400,53400,52400,52900,46961.46875,9257116
11/8/19,53200,53300,52000,52100,46251.28125,11603290
11/11/19,52200,52200,51400,51600,45807.41016,8185952
11/12/19,51800,52600,51600,52600,46695.14844,6576148
11/13/19,52500,52500,52000,52500,46606.37109,6225196
11/14/19,51900,52800,51900,52800,46872.69531,12010018
11/15/19,52900,53700,52600,53700,47671.66406,9703360
11/18/19,53600,53800,53200,53500,47494.11719,7746554
11/19/19,53200,53500,52700,53500,47494.11719,8907177
11/20/19,53400,53400,52000,52000,46162.51172,12560070
11/21/19,51600,52100,50600,51000,45274.77344,14298646
11/22/19,51000,51600,50900,51600,45807.41016,8478310
11/25/19,52200,52600,51700,51800,45984.95313,9050625
11/26/19,51900,52900,51800,51800,45984.95313,27372226
11/27/19,51800,52300,51600,52200,46340.06641,7546261
11/28/19,51900,52100,51300,51300,45541.08594,6833885
11/29/19,51200,51400,50200,50300,44653.34375,11179334
12/2/19,50900,51300,50400,50400,44742.12109,18877252
12/3/19,49800,50300,49500,49900,44298.24219,12059812
12/4/19,49600,49850,49000,49450,43898.76953,13246549
12/5/19,50200,50400,49500,49500,43943.15625,10449715
12/6/19,50100,50900,49950,50400,44742.12109,11414563
12/9/19,50900,51400,50700,51200,45452.32031,8470627
12/10/19,51000,51600,50700,51500,45718.64063,6882771
12/11/19,51500,52200,51400,51900,46073.71875,11379521
12/12/19,53000,53300,52700,53300,47316.5625,29178697
12/13/19,54500,54800,53900,54700,48559.41406,18120261
12/16/19,54500,54900,54300,54700,48559.41406,11512405
12/17/19,55800,56700,55400,56700,50334.88281,19358433
12/18/19,56700,57200,56000,56300,49979.78906,15558208
12/19/19,57000,57300,55500,56000,49713.47656,14180520
12/20/19,56100,56500,55600,56000,49713.47656,12095519
12/23/19,56100,56400,55100,55500,49269.60547,9839252
12/24/19,55600,55700,54800,55000,48825.73047,11868463
12/26/19,54700,55400,54400,55400,49180.82422,9645034
12/27/19,55700,56900,55500,56500,50479.89453,12313056
12/30/19,56200,56600,55700,55800,49854.48047,8356767
1/2/20,55500,56000,55000,55200,49318.42188,12993228
1/3/20,56000,56600,54900,55500,49586.45313,15422255
1/6/20,54900,55600,54600,55500,49586.45313,10278951
1/7/20,55700,56400,55600,55800,49854.48047,10009778
1/8/20,56200,57400,55900,56800,50747.9375,23501171
1/9/20,58400,58600,57400,58600,52356.14453,24102579
1/10/20,58800,59700,58300,59500,53160.25391,16000170
1/13/20,59600,60000,59100,60000,53606.98047,11359139
1/14/20,60400,61000,59900,60000,53606.98047,16906295
1/15/20,59500,59600,58900,59000,52713.52734,14300928
1/16/20,59100,60700,59000,60700,54232.39063,14381774
1/17/20,61900,62000,61000,61300,54768.46484,16025661
1/20/20,62000,62800,61700,62400,55751.24609,12528855
1/21/20,62000,62400,61200,61400,54857.80859,11142693
1/22/20,60500,62600,60400,62300,55661.91016,15339565
1/23/20,61800,61800,60700,60800,54321.73828,14916555
1/28/20,59400,59400,58300,58800,52534.83984,23664541
1/29/20,59100,59700,58800,59100,52802.86328,16446102
1/30/20,58800,58800,56800,57200,51105.31641,20821939
1/31/20,57800,58400,56400,56400,50390.5625,19749457
2/3/20,55500,57400,55200,57200,51105.31641,23995260
2/4/20,57100,59000,56800,58900,52624.1875,21800192
2/5/20,60000,60200,58900,59500,53160.25391,19278165
2/6/20,60100,61100,59700,61100,54589.76563,14727159
2/7/20,61100,61200,59700,60400,53964.35547,16402493
2/10/20,59200,59800,59100,59700,53338.93359,13107121
2/11/20,59800,60700,59700,59900,53517.625,11071231
2/12/20,60300,60700,59700,60500,54053.69531,12904207
2/13/20,61200,61600,60500,60700,54232.39063,18449775
2/14/20,60900,61900,60200,61800,55215.18359,13276067
2/17/20,61600,62000,61200,61500,54947.14063,8740596
2/18/20,60800,60900,59700,59800,53428.28125,16674266
2/19/20,59800,60400,59400,60200,53785.66797,12951496
2/20/20,60700,61300,59600,60000,53606.98047,14591924
2/21/20,58800,59800,58500,59200,52892.21484,13777393
2/24/20,57400,58100,56800,56800,50747.9375,25627537
2/25/20,56200,58000,56200,57900,51730.73047,23885408
2/26/20,56000,57000,56000,56500,50479.89453,25483102
2/27/20,56300,56900,55500,55900,49943.83594,23209541
2/28/20,55000,55500,54200,54200,48424.96875,30054227
3/2/20,54300,55500,53600,55000,49139.72266,30403412
3/3/20,56700,56900,55100,55400,49497.11328,30330295
3/4/20,54800,57600,54600,57400,51284,24765728
3/5/20,57600,58000,56700,57800,51641.38672,21698990
3/6/20,56500,57200,56200,56500,50479.89453,18716656
3/9/20,56500,56500,56500,56500,50479.89453,0
3/10/20,53800,54900,53700,54600,48782.34766,32106554
3/11/20,54300,54400,52000,52100,46548.72656,45707281
3/12/20,52100,52100,52100,52100,46548.72656,0
3/13/20,47450,51600,46850,49950,44627.8125,59462933
3/16/20,50100,50900,48800,48900,43689.68359,33339821
3/17/20,46900,49650,46700,47300,42260.17578,51218151
3/18/20,47750,48350,45600,45600,40741.30859,40152623
3/19/20,46400,46650,42300,42950,38373.66406,56925513
3/20/20,44150,45500,43550,45400,40562.60938,49730008
3/23/20,42600,43550,42400,42500,37971.60938,41701626
3/24/20,43850,46950,43050,46950,41947.45703,49801908
3/25/20,48950,49600,47150,48650,43466.32813,52735922
3/26/20,49000,49300,47700,47800,42706.89063,42185129
3/27/20,49600,49700,46850,48300,43153.60938,39896178
3/30/20,47050,48350,46550,47850,43067.20703,26797395
3/31/20,48000,48500,47150,47750,42977.19922,30654261
4/1/20,47450,47900,45800,45800,41222.11328,27259532
4/2/20,46200,46850,45350,46800,42122.16016,21621076
4/3/20,47400,47600,46550,47000,42302.17578,22784682
4/6/20,47500,48800,47250,48700,43832.25,23395726
4/7/20,49650,50200,49000,49600,44642.29297,31524034
4/8/20,49600,49750,48600,48600,43742.25,25010314
4/9/20,49750,49800,48700,49100,44192.26172,22628058
4/10/20,48950,49250,48650,49250,44327.27734,17839111
4/13/20,48650,48900,48300,48300,43472.23047,14431800
4/14/20,48800,49200,48300,49000,44102.26172,14206216
4/16/20,49350,49350,48550,49000,44102.26172,23349760
4/17/20,50800,52000,50300,51400,46262.375,32041675
4/20/20,51400,51400,50000,50100,45092.30859,21866354
4/21/20,49400,49700,48700,49250,44327.27734,27407543
4/22/20,48700,50000,48350,49850,44867.30078,18613864
4/23/20,50200,50300,49500,49850,44867.30078,18754442
4/24/20,49650,49750,49000,49350,44417.28125,15618347
4/27/20,49350,50000,49100,49850,44867.30078,14049471
4/28/20,49850,50100,49300,50100,45092.30859,16095399
4/29/20,49900,50500,49600,50000,45002.3125,15604533
5/4/20,48900,49100,48500,48500,43652.24609,26083749
5/6/20,49000,49200,48500,49200,44282.26953,18070225
5/7/20,49200,49300,48700,48800,43922.25,13884411
5/8/20,49100,49350,48800,48800,43922.25,15319700
5/11/20,48900,49250,48300,48400,43562.23828,16357743
5/12/20,48400,48500,47550,47900,43112.21484,23433590
5/13/20,47250,48550,47200,48550,43697.23828,20223277
5/14/20,47750,48100,47650,48000,43202.22266,19305974
5/15/20,48400,48450,47700,47850,43067.20703,18463118
5/18/20,47950,49100,47600,48800,43922.25,20481981
5/19/20,50100,50500,49700,50300,45272.32422,25168295
5/20/20,50000,50200,49800,50000,45002.3125,14896899
5/21/20,50300,50400,49850,49950,44957.30859,14949266
5/22/20,49600,49800,48600,48750,43877.25,19706284
5/25/20,48750,48900,48450,48850,43967.25391,14337913
5/26/20,48700,49450,48600,49250,44327.27734,15127490
5/27/20,48950,50000,48800,49900,44912.29688,19548479
5/28/20,51100,51200,49900,50400,45362.32813,31309318
5/29/20,50000,50700,49700,50700,45632.34375,27596961
6/1/20,50800,51200,50600,51200,46082.35938,16949183
6/2/20,51000,51500,50800,51400,46262.375,14247933
6/3/20,51800,55000,51700,54500,49052.51172,49257814
6/4/20,55800,57000,54600,54600,49142.52344,40220334
6/5/20,54400,55900,54000,55500,49952.5625,22743629
6/8/20,56400,56500,54700,54900,49412.53125,25634965
6/9/20,55800,56500,54400,55500,49952.5625,23998831
6/10/20,55100,55900,54900,55400,49862.5625,16742493
6/11/20,54500,55100,53200,54300,48872.50391,33815123
6/12/20,52100,52800,51500,52300,47072.41406,26976019
6/15/20,51400,52000,49900,49900,44912.29688,28772921
6/16/20,51200,52100,50600,52100,46892.40234,21808375
6/17/20,52100,52900,51300,52200,46982.41016,26672595
6/18/20,52200,52300,51600,52300,47072.41406,15982926
6/19/20,52600,52900,51600,52900,47612.44141,18157985
6/22/20,52000,52600,51800,52000,46802.40234,13801350
6/23/20,52500,52800,51100,51400,46262.375,18086152
6/24/20,51900,53900,51600,52900,47612.44141,24519552
6/25/20,52100,53000,51900,51900,46712.39063,18541624
6/26/20,52800,53900,52200,53300,47972.45703,21575360
6/29/20,52500,53200,52000,52400,47477.75,17776925
6/30/20,53900,53900,52800,52800,47840.17969,21157172
7/1/20,53400,53600,52400,52600,47658.96094,16706143
7/2/20,52100,52900,52100,52900,47930.78125,14142583
7/3/20,53000,53600,52700,53600,48565.03125,11887868
7/6/20,54000,55000,53800,55000,49833.51172,19856623
7/7/20,55800,55900,53400,53400,48383.8125,30760032
7/8/20,53600,53900,52900,53000,48021.38672,19664652
7/9/20,53200,53600,52800,52800,47840.17969,17054850
7/10/20,53100,53200,52300,52700,47749.5625,13714746
7/13/20,53300,53800,53100,53400,48383.8125,12240188
7/14/20,53700,53800,53200,53800,48746.23828,14269484
7/15/20,54400,55000,54300,54700,49561.70313,24051450
7/16/20,54800,54800,53800,53800,48746.23828,16779127
7/17/20,54200,54700,54100,54400,49289.87891,10096174
7/20/20,54800,54800,54000,54200,49108.66016,10507530
7/21/20,55200,55400,54800,55300,50105.33203,18297260
7/22/20,55300,55500,54700,54700,49561.70313,12885057
7/23/20,54700,54700,53800,54100,49018.05469,16214932
7/24/20,54000,54400,53700,54200,49108.66016,10994535
7/27/20,54300,55700,54300,55600,50377.15625,21054421
7/28/20,57000,58800,56400,58600,53095.34375,48431566
7/29/20,60300,60400,58600,59000,53457.76953,36476611
7/30/20,59700,60100,59000,59000,53457.76953,19285354
7/31/20,59500,59600,57700,57900,52461.10156,21943345
8/3/20,57800,57900,56700,56800,51464.4375,21158940
8/4/20,57200,58100,57000,57300,51917.46875,19419694
8/5/20,57300,57500,56300,56900,51555.03516,17739706
8/6/20,57100,58400,57100,58000,52551.70703,21625874
8/7/20,57900,58400,57100,57500,52098.67188,18751717
8/10/20,57600,58300,57500,57800,52370.49609,17774291
8/11/20,58000,59500,57800,58200,52732.91797,24907912
8/12/20,58200,59000,57700,59000,53457.76953,18573934
8/13/20,59400,59600,58000,58700,53185.94922,22089460
8/14/20,58000,58400,57700,58000,52551.70703,15672548
8/18/20,58900,59900,58000,58400,52914.13281,25307825
8/19/20,59000,59200,57800,57800,52370.49609,16930719
8/20/20,57600,57600,55300,55400,50195.94531,30386029
8/21/20,56200,56900,55800,55900,50648.97656,21142288
8/24/20,55800,56600,55400,56100,50830.17969,15055896
8/25/20,56400,56800,56100,56400,51102.00781,14021705
8/26/20,56400,56500,55700,56400,51102.00781,17651593
8/27/20,56300,56300,55600,55600,50377.15625,16196568
8/28/20,56100,56300,55400,55400,50195.94531,14619888
8/31/20,56000,56100,54000,54000,48927.45703,32671367
9/1/20,54100,54800,54100,54200,49108.66016,19363117
9/2/20,54600,55100,54100,54400,49289.87891,16905723
9/3/20,55600,56700,55500,56400,51102.00781,28384920
9/4/20,55200,55800,55100,55600,50377.15625,22139109
9/7/20,56100,57300,55800,56500,51192.60547,18685880
9/8/20,57400,58700,57200,58700,53185.94922,31517520
9/9/20,58200,59300,57800,58400,52914.13281,30597399
9/10/20,59900,60000,59100,59200,53638.98438,29923293
9/11/20,59300,59400,58200,59000,53457.76953,16017098
9/14/20,60200,60800,59900,60400,54726.25781,20648281
9/15/20,60900,61000,60500,61000,55269.89063,17877075
9/16/20,61100,61300,60600,61000,55269.89063,17041444
9/17/20,60700,60800,59300,59500,53910.80078,25108356
9/18/20,59800,59900,59100,59300,53729.58594,18884571
9/21/20,59100,60000,59000,59200,53638.98438,15140387
9/22/20,59100,59700,57800,58200,52732.91797,20830381
9/23/20,58400,58800,57400,58600,53095.34375,20111398
9/24/20,57700,58600,57600,57800,52370.49609,17564020
9/25/20,57700,58200,57700,57900,52461.10156,11444683
9/28/20,58300,58800,57900,58200,53057.30469,12614080
9/29/20,58300,59000,58200,58200,53057.30469,15503563
10/5/20,57500,59200,57500,58700,53513.13281,20228289
10/6/20,59400,59900,58700,59000,53786.61719,14463826
10/7/20,58700,59900,58500,59900,54607.09375,14861838
10/8/20,60500,60700,59500,59700,54424.76563,24589924
10/12/20,60000,60400,59900,60400,55062.91406,16145837
10/13/20,61000,61400,60400,60900,55518.73438,19247631
10/14/20,61000,61100,60500,60900,55518.73438,16086716
10/15/20,60700,60800,59700,60000,54698.25781,17756232
10/16/20,60000,60400,59000,59500,54242.44141,16554190
10/19/20,59600,60200,59500,60000,54698.25781,14474985
10/20/20,60300,60900,60100,60900,55518.73438,19326115
10/21/20,61200,61500,60600,60900,55518.73438,15703443
10/22/20,60300,60500,59800,60100,54789.41797,14294095
10/23/20,60400,60400,59800,60200,54880.58203,9322232
10/26/20,60400,61100,60100,60400,55062.91406,13268226
10/27/20,60300,60300,59500,59800,54515.9375,17260416
10/28/20,59400,59400,58800,59000,53786.61719,14428882
10/29/20,58200,58500,57500,58100,52966.14844,22636966
10/30/20,58000,58000,56600,56600,51598.69531,26907844
11/2/20,56400,57500,56000,57400,52327.99609,20489076
11/3/20,57900,58900,57600,58800,53604.29688,14950919
11/4/20,58900,59000,57800,58500,53330.80469,21718561
11/5/20,59000,60300,58800,60300,54971.74609,20639475
11/6/20,60700,60800,59600,60100,54789.41797,16910230
11/9/20,60700,60900,60100,60200,54880.58203,15892961
11/10/20,60500,60500,59500,60200,54880.58203,19073552
11/11/20,60700,61400,60400,61300,55883.39063,25628510
11/12/20,61000,61400,60700,61000,55609.89453,19800573
11/13/20,61300,63200,61000,63200,57615.50391,31508829
11/16/20,64000,66700,63900,66300,60441.57422,36354334
11/17/20,67000,67000,65600,65700,59894.59375,30204089
11/18/20,65700,66200,64700,64800,59074.12109,22963790
11/19/20,64100,64800,63900,64600,58891.78906,16590290
11/20/20,63900,65200,63900,64700,58982.96094,15068682
11/23/20,64800,67800,64700,67500,61535.53906,27134398
11/24/20,67900,69500,67000,67700,61717.87891,32158235
11/25/20,67900,68300,66500,66600,60715.06641,32447065
11/26/20,66100,68000,66000,68000,61991.34766,19023323
11/27/20,68000,68400,67600,68200,62173.68359,14063434
11/30/20,68400,68600,66700,66700,60806.23828,43811016
12/1/20,67100,68300,67100,67800,61809.03516,22327173
12/2/20,68400,69900,68300,69500,63358.8125,29703942
12/3/20,70100,70500,69300,69700,63541.14844,23677989
12/4/20,70400,72100,70100,71500,65182.09766,28130533
12/7/20,72400,73500,71900,72900,66458.38281,28490496
12/8/20,72200,72900,71600,71700,65364.42578,25000338
12/9/20,72100,73900,72000,73900,67370.01563,24077996
12/10/20,72700,73800,72500,72900,66458.38281,39882928
12/11/20,73500,73800,73100,73400,66914.21875,18486672
12/14/20,73600,74500,73200,73800,67278.86719,21510415
12/15/20,73800,74100,73300,73800,67278.86719,20863671
12/16/20,74100,74500,73400,73800,67278.86719,17512081
12/17/20,73400,73700,72600,73300,66823.03906,24293214
12/18/20,73300,73700,73000,73000,66549.55469,17613029
12/21/20,73100,73400,72000,73000,66549.55469,20367355
12/22/20,72500,73200,72100,72300,65911.38281,16304910
12/23/20,72400,74000,72300,73900,67370.01563,19411326
12/24/20,74100,78800,74000,77800,70925.40625,32502870
12/28/20,79000,80100,78200,78700,71745.88281,40085044
12/29/20,78800,78900,77300,78300,73177.66406,30339449
12/30/20,77400,81300,77300,81000,75701.03906,29417421
1/4/21,81000,84400,80200,83000,77570.1875,38655276
1/5/21,81600,83900,81600,83900,78411.3125,35335669
1/6/21,83300,84500,82100,82200,76822.52344,42089013
1/7/21,82800,84200,82700,82900,77476.73438,32644642
1/8/21,83300,90000,83000,88800,82990.75781,59013307
1/11/21,90000,96800,89500,91000,85046.84375,90306177
1/12/21,90300,91400,87800,90600,84673.01563,48682416
1/13/21,89800,91200,89100,89700,83831.88281,36068848
1/14/21,88700,90000,88700,89700,83831.88281,26393970
1/15/21,89800,91800,88000,88000,82243.08594,33431809
1/18/21,86600,87300,84100,85000,79439.34375,43227951
1/19/21,84500,88000,83600,87000,81308.50781,39895044
1/20/21,89000,89000,86500,87200,81495.42969,25211127
1/21/21,87500,88600,86500,88100,82336.5625,25318011
1/22/21,89000,89700,86800,86800,81121.59375,30861661
1/25/21,87000,89900,86300,89400,83551.50781,27258534
1/26/21,88800,89200,86500,86700,81028.14844,33178936
1/27/21,86600,87700,85600,85600,80000.10156,26423070
1/28/21,83200,85600,83200,83700,78224.40625,31859808
1/29/21,84500,85000,82000,82000,76635.60156,39615978
2/1/21,81700,83400,81000,83000,77570.1875,28046832
2/2/21,84100,86400,83700,84400,78878.61719,26302077
2/3/21,84800,85400,83400,84600,79065.51563,22112205
2/4/21,83500,83800,82100,82500,77102.90625,24171688
2/5/21,83100,84000,82500,83500,78037.48438,18036835
2/8/21,83800,84200,83000,83000,77570.1875,15338765
2/9/21,84000,84800,82700,82700,77289.8125,20898332
2/10/21,82600,82600,81600,81600,76261.78906,23025766
2/15/21,83800,84500,83300,84200,78691.6875,23529706
2/16/21,84500,86000,84200,84900,79345.89063,20483100
2/17/21,83900,84200,83000,83200,77757.10156,18307735
2/18/21,83200,83600,82100,82100,76729.08594,21327683
2/19/21,82300,82800,81000,82600,77196.35938,25880879
2/22/21,83800,84200,82200,82200,76822.52344,25419886
2/23/21,81200,82900,81100,82000,76635.60156,20587314
2/24/21,81800,83600,81300,82000,76635.60156,26807651
2/25/21,84000,85400,83000,85300,79719.73438,34155986
2/26/21,82800,83400,82000,82500,77102.90625,38520800
3/2/21,85100,85300,83000,83600,78130.9375,33498180
3/3/21,83500,84000,82800,84000,78504.77344,19882132
3/4/21,82600,83200,82200,82400,77009.46094,24348331
3/5/21,81100,82600,81100,82100,76729.08594,20508971
3/8/21,82900,83000,81600,82000,76635.60156,17641256
3/9/21,81400,81900,80600,81400,76074.86719,25420764
3/10/21,82400,82500,80700,80900,75607.57031,20038422
3/11/21,81000,82500,81000,82000,76635.60156,23818297
3/12/21,83100,83500,82400,82800,77383.28125,13530573
3/15/21,82800,82900,81800,81800,76448.69531,13735798
3/16/21,82200,83000,82100,82800,77383.28125,12293537
3/17/21,82800,82900,82000,82300,76915.98438,11625146
3/18/21,82800,83800,82600,82900,77476.73438,18585244
3/19/21,82100,82500,81800,81900,76542.16406,15869700
3/22/21,82000,82300,81700,82000,76635.60156,12670506
3/23/21,82600,82900,81800,81800,76448.69531,13299907
3/24/21,81000,81600,80700,81000,75701.03906,17926638
3/25/21,81000,82100,80800,81200,75887.94531,14758826
3/26/21,81400,81600,81000,81500,76168.32031,12845778
3/29/21,81700,81700,81000,81600,76261.78906,14952134
3/30/21,81600,82300,81300,82200,77163.90625,13121698
3/31/21,82400,82700,81400,81400,76412.91406,17240518
4/1/21,82500,83000,82000,82900,77821.00781,18676461
4/2/21,84000,85200,83900,84800,79604.60938,22997538
4/5/21,85800,86000,84800,85400,80167.85156,16255990
4/6/21,86200,86200,85100,86000,80731.08594,19042023
4/7/21,86100,86200,85400,85600,80355.60156,17885538
4/8/21,85700,85700,84100,84700,79510.75,19244259
4/9/21,84700,84900,83400,83600,78478.13281,18193707
4/12/21,84100,84100,83100,83200,78102.64063,12915282
4/13/21,83000,84500,82800,84000,78853.63281,15238206
4/14/21,84000,84300,83400,84000,78853.63281,13794652
4/15/21,83700,84500,83400,84100,78947.5,16377412
4/16/21,84700,84700,83600,83900,78759.75,15429522
4/19/21,83800,84000,83300,83300,78196.50781,15287311
4/20/21,83300,84000,83100,83900,78759.75,15521965
4/21/21,83300,83500,82500,82600,77539.39063,21636079
4/22/21,82900,83000,82400,82400,77351.65625,13934746
4/23/21,81900,82900,81600,82800,77727.14063,17805080
4/26/21,82900,83500,82600,83500,78384.26563,15489938
4/27/21,83200,83300,82500,82900,77821.00781,12941533
4/28/21,83200,83200,82100,82100,77070.03125,15596759
4/29/21,82400,82500,81500,81700,76694.55469,20000973
4/30/21,81900,82100,81500,81500,76506.78906,18673197
5/3/21,81000,82400,81000,81700,76694.55469,15710336
5/4/21,81900,82600,81800,82600,77539.39063,12532550
5/6/21,81700,82300,81700,82300,77257.77344,17047511
5/7/21,81800,82100,81500,81900,76882.28125,14154882
5/10/21,82300,83500,81800,83200,78102.64063,19385027
5/11/21,82500,82600,81100,81200,76225.16406,28996680
5/12/21,80800,81200,79800,80000,75098.70313,35812268
5/13/21,78900,79600,78400,78500,73690.58594,31490096
5/14/21,79000,80300,78900,80100,75192.57031,16450920
5/17/21,80800,80900,79200,79600,74723.20313,17740855
5/18/21,79600,80000,79100,79600,74723.20313,17494407
5/20/21,79400,79700,79100,79500,74629.32813,16541828
5/21/21,80100,81500,79800,80100,75192.57031,20961714
5/24/21,80100,80400,79500,79700,74817.07031,13398666
5/25/21,80000,80400,79800,79900,75004.8125,13628942
5/26/21,80400,80500,79700,79800,74910.94531,11984359
5/27/21,80000,80000,79100,79600,74723.20313,23198510
5/28/21,79800,80400,79400,80100,75192.57031,12360199
5/31/21,80300,80600,79600,80500,75568.05469,13321324
6/1/21,80500,81300,80100,80600,75661.92188,14058401
6/2/21,80400,81400,80300,80800,75849.67969,16414644
6/3/21,81300,83000,81100,82800,77727.14063,29546007
6/4/21,82700,82700,81500,82200,77163.90625,18112259
6/7/21,82700,82800,81600,81900,76882.28125,16496197
6/8/21,82300,82600,81800,81900,76882.28125,12781226
6/9/21,81500,82000,81100,81100,76131.28125,14908823
6/10/21,81300,81400,80900,81000,76037.42969,17586995
6/11/21,81200,81700,80700,81000,76037.42969,14087962
6/14/21,80800,80900,80500,80500,75568.05469,10550078
6/15/21,80900,81200,80600,80900,75943.54688,10075685
6/16/21,81500,81900,81100,81800,76788.41406,14999855
6/17/21,81100,81300,80700,80900,75943.54688,14007385
6/18/21,81100,81100,80500,80500,75568.05469,14916721
6/21/21,79700,80000,79600,79900,75004.8125,16063340
6/22/21,80200,80300,79900,80000,75098.70313,11773365
6/23/21,80500,80600,79900,80100,75192.57031,13856548
6/24/21,80400,81400,80100,81200,76225.16406,18771080
6/25/21,81500,81900,81200,81600,76600.67188,13481405
6/28/21,81700,82000,81600,81900,76882.28125,11578529
6/29/21,81900,82100,80800,81000,76374.07031,15744317
6/30/21,81100,81400,80700,80700,76091.19531,13288643
7/1/21,80500,80600,80000,80100,75525.47656,13382882
7/2/21,80000,80400,79900,80000,75431.17969,8753097
7/5/21,80100,80800,80000,80400,75808.32031,8330969
7/6/21,80600,81200,80500,81200,76562.65625,12131651
7/7/21,81200,81300,80300,80800,76185.48438,15992202
7/8/21,81100,81200,79900,79900,75336.89844,16660998
7/9/21,79600,79800,79000,79400,74865.44531,22720577
7/12/21,79900,80000,79500,79700,75148.3125,9768108
7/13/21,80000,80200,79800,79800,75242.60156,9863450
7/14/21,79400,79600,79100,79500,74959.73438,11575636
7/15/21,79800,80600,79500,80600,75996.89844,13766279
7/16/21,80100,80100,79500,79800,75242.60156,10859399
7/19/21,79100,79200,78800,79000,74488.29688,13155414
7/20/21,78500,79000,78400,79000,74488.29688,12456646
7/21/21,79000,79100,78500,78500,74016.84375,12355296
7/22/21,79000,79800,78900,79700,75148.3125,12618790
7/23/21,79700,79900,79200,79300,74771.14844,9098910
7/26/21,79400,79500,78800,78800,74299.71094,10040975
7/27/21,79200,79400,78500,78500,74016.84375,11427693
7/28/21,78300,79200,78100,79200,74676.85938,12743417
7/29/21,78800,79400,78800,79000,74488.29688,14360453
7/30/21,78900,78900,78500,78500,74016.84375,13823411
8/2/21,79200,79500,78700,79300,74771.14844,11739124
8/3/21,79400,81400,79300,81400,76751.22656,24339360
8/4/21,82200,83100,81800,82900,78165.55469,25642368
8/5/21,83300,83300,82000,82100,77411.25,18485469
8/6/21,81900,82500,81300,81500,76845.51563,13342623
8/9/21,81500,82300,80900,81500,76845.51563,15522581
8/10/21,82300,82400,80100,80200,75619.76563,20362639
8/11/21,79600,79800,78500,78500,74016.84375,30241137
8/12/21,77100,78200,76900,77000,72602.5,42365223
8/13/21,75800,76000,74100,74400,70150.98438,61270643
8/17/21,74000,75100,74000,74200,69962.42188,30944847
8/18/21,73900,74600,73100,73900,69679.53906,29192631
8/19/21,73500,74400,73100,73100,68925.25,22166298
8/20/21,73500,73900,72500,72700,68548.08594,22364803
8/23/21,73300,74000,73000,73300,69113.82031,19384648
8/24/21,73900,75700,73900,75600,71282.46875,21016913
8/25/21,76200,76600,74900,75700,71376.75,22319664
8/26/21,76100,76200,74600,74600,70339.5625,16671494
8/27/21,74300,75000,73800,74300,70056.71094,15172748
8/30/21,75400,75500,74200,74600,70339.5625,12686999
8/31/21,74900,76700,74300,76700,72319.64063,24630370
9/1/21,76700,77100,75900,76800,72413.91406,16114775
9/2/21,76800,76800,75700,76000,71659.61719,15347486
9/3/21,76400,76700,76000,76600,72225.34375,12096419
9/6/21,76800,77600,76600,77300,72885.375,12861180
9/7/21,77100,77100,75900,76100,71753.90625,13239401
9/8/21,76000,76400,75600,76300,71942.48438,11798147
9/9/21,76400,76600,75000,75300,70999.60938,17600770
9/10/21,75300,75600,74800,75300,70999.60938,10103212
9/13/21,75200,76300,75100,76300,71942.48438,11397775
9/14/21,77100,77700,76600,76600,72225.34375,18167057
9/15/21,77400,77400,76400,77000,72602.5,12829128
9/16/21,77300,77400,76100,76100,71753.90625,13067622
9/17/21,76300,77200,75900,77200,72791.09375,16289502
9/23/21,77500,77600,76800,77400,72979.66406,17055590
9/24/21,77600,77700,77100,77300,72885.375,12247274
9/27/21,77300,77700,77000,77700,73262.53125,11699798
9/28/21,77700,77800,76200,76300,71942.48438,15406382
9/29/21,74800,75300,73800,74100,70200.26563,23992458
9/30/21,74300,74800,73700,74100,70200.26563,19919361
10/1/21,73900,74000,72900,73200,69347.625,15803395
10/5/21,73000,73000,71400,72200,68400.24219,24013921
10/6/21,72600,72800,71200,71300,67547.63281,18956962
10/7/21,71600,72100,71300,71600,67831.84375,13683532
10/8/21,72300,72400,71500,71500,67737.10156,14043287
10/12/21,70700,70900,68700,69000,65368.67578,31001484
10/13/21,68700,69600,68300,68800,65179.1875,24172015
10/14/21,69000,69800,68800,69400,65747.63281,19520641
10/15/21,70200,71000,70000,70100,66410.78125,18051612
10/18/21,70200,70300,69200,70200,66505.5,13486391
10/19/21,70800,71000,70400,70600,66884.46875,9507991
10/20/21,70700,71000,70200,70300,66600.25,10151638
10/21/21,70300,70600,70000,70200,66505.5,10891094
10/22/21,70000,70700,70000,70400,66694.99219,8395448
10/25/21,69900,70600,69500,70200,66505.5,10029621
10/26/21,70600,71500,70400,71100,67358.15625,10528252
10/27/21,71000,71000,70000,70100,66410.78125,10295316
10/28/21,69500,72200,69500,70700,66979.1875,20644902
10/29/21,71200,71600,69700,69800,66126.5625,17016151
11/1/21,70200,70600,69900,69900,66221.30469,11503729
11/2/21,70800,72200,70700,71500,67737.10156,16812570
11/3/21,71700,71700,70100,70400,66694.99219,12770428
11/4/21,71200,71600,70500,70600,66884.46875,11818987
11/5/21,71600,71600,70200,70200,66505.5,12667743
11/8/21,70400,70600,69800,70600,66884.46875,11121981
11/9/21,70300,71000,70100,70500,66789.71875,11159589
11/10/21,70300,70900,70200,70200,66505.5,9422009
11/11/21,69900,70000,69600,69900,66221.30469,11489122
11/12/21,70200,70900,69900,70600,66884.46875,10087450
11/15/21,71700,71900,70900,71400,67642.35938,12420710
11/16/21,71500,72000,71300,71300,67547.63281,10919239
11/17/21,71300,71600,70600,70700,66979.1875,11027606
11/18/21,70700,71000,70200,70200,66505.5,10144957
11/19/21,70400,71400,70100,71200,67452.875,11954728
11/22/21,73300,75200,73000,74900,70958.16406,27506623
11/23/21,76000,76000,74500,75300,71337.125,22029195
11/24/21,76000,76200,74100,74800,70863.42188,15652305
11/25/21,75100,75100,73600,73700,69821.3125,12559258
11/26/21,73500,74100,72000,72300,68494.98438,13002242
11/29/21,71700,73000,71400,72300,68494.98438,16682559
11/30/21,73200,73900,70500,71300,67547.63281,30364841
12/1/21,72000,74800,71600,74400,70484.46875,21954856
12/2/21,73900,75800,73800,75800,71810.82031,23652940
12/3/21,75600,76000,74100,75600,71621.32813,18330240
12/6/21,75100,76700,74900,76300,72284.48438,16391250
12/7/21,76100,77700,75600,77400,73326.59375,19232453
12/8/21,78300,78600,77100,77400,73326.59375,21558340
12/9/21,77400,78200,77000,78200,74084.49219,21604528
12/10/21,77400,77600,76800,76900,72852.90625,9155219
12/13/21,77200,78300,76500,76800,72758.15625,15038750
12/14/21,76500,77200,76200,77000,72947.64063,10976660
12/15/21,76400,77600,76300,77600,73516.07031,9584939
12/16/21,78500,78500,77400,77800,73705.55469,11996128
12/17/21,76800,78000,76800,78000,73895.03125,13108479
12/20/21,77600,77800,76800,77100,73042.38281,11264375
12/21/21,77900,78300,77500,78100,73989.74219,14245298
12/22/21,78900,79400,78800,79400,75221.34375,17105892
12/23/21,79800,80000,79300,79900,75695.03125,13577498
12/24/21,80200,80800,80200,80500,76263.4375,12086380
12/27/21,80600,80600,79800,80200,75979.24219,10783368
12/28/21,80200,80400,79700,80300,76073.98438,18226325
12/29/21,80200,80200,78500,78800,74990.04688,19794795
12/30/21,78900,79500,78100,78300,74514.21094,14236700
1/4/22,78800,79200,78300,78700,74894.875,12427416
1/5/22,78800,79000,76400,77400,73657.72656,25470640
1/6/22,76700,77600,76600,76900,73181.90625,12931954
1/7/22,78100,78400,77400,78300,74514.21094,15163757
1/10/22,78100,78100,77100,78000,74228.72656,9947422
1/11/22,78400,79000,78000,78900,75085.20313,13221123
1/12/22,79500,79600,78600,78900,75085.20313,11000502
1/13/22,79300,79300,77900,77900,74133.5625,13889401
1/14/22,77700,78100,77100,77300,73562.57031,10096725
1/17/22,77600,77800,76900,77500,73752.89063,8785122
1/18/22,77600,77800,76600,77000,73277.0625,9592788
1/19/22,76500,76900,76100,76300,72610.91406,10598290
1/20/22,76200,76700,75900,76500,72801.25781,9708168
1/21/22,75800,75800,74700,75600,71944.76563,15774888
1/24/22,75400,75800,74700,75100,71468.92969,13691134
1/25/22,74800,75000,73200,74000,70422.125,17766704
1/26/22,74000,74000,74000,74000,70422.125,0
1/27/22,73800,74000,71300,71300,67852.67188,22274777
1/28/22,71300,73700,71200,73300,69755.96875,21367447
2/3/22,74900,74900,73300,73300,69755.96875,17744721
2/4/22,74300,74600,73400,74000,70422.125,12730034
2/7/22,73500,73600,72400,73000,69470.46094,14240838
2/8/22,73000,73000,73000,73000,69470.46094,0
2/9/22,73000,73000,73000,73000,69470.46094,0
2/10/22,75600,75800,74700,75400,71754.42969,17746033
2/11/22,75000,75500,74600,74900,71278.60938,12205407
2/14/22,74400,74500,73100,73700,70136.61719,13993255
2/15/22,74100,74200,73100,73700,70136.61719,9320365
2/16/22,74600,74900,74200,74800,71183.42969,10767386
2/17/22,75000,75600,74500,75000,71373.77344,13605382
2/18/22,74600,74800,73700,74300,70707.61719,10122226
2/21/22,74300,74300,74300,74300,70707.61719,0
2/22/22,74300,74300,74300,74300,70707.61719,0
2/23/22,74300,74300,74300,74300,70707.61719,0
2/24/22,72300,72300,71300,71500,68042.99219,15759283
2/25/22,72100,72600,71900,71900,68423.67969,13168484
2/28/22,71900,71900,71900,71900,68423.67969,0
3/2/22,72300,72400,71500,71700,68233.32813,12481430
3/3/22,72300,73100,72200,72900,69375.30469,13232638
3/4/22,72900,72900,72900,72900,69375.30469,0
3/7/22,70000,70600,69900,70100,66710.6875,18617138
3/8/22,68800,70000,68700,69500,66139.69531,15828269
3/10/22,69500,69500,69500,69500,66139.69531,0
3/11/22,70500,70700,69700,70000,66615.50781,15787655
3/14/22,70000,70200,69600,70200,66805.83594,9040993
3/15/22,70200,70200,70200,70200,66805.83594,0
3/16/22,70200,70500,69700,70400,66996.17969,10175750
3/17/22,70400,70400,70400,70400,66996.17969,0
3/18/22,70600,70900,70200,70700,67281.66406,14410038
3/21/22,70900,71000,69900,69900,66520.35156,11169002
3/22/22,69900,70500,69900,70300,66901.01563,9402666
3/23/22,70600,71200,70300,70500,67091.33594,12398025
3/24/22,69600,70300,69600,69800,66425.1875,37943357
3/25/22,70100,70200,69600,69800,66425.1875,12986010
3/28/22,69500,69900,69200,69700,66330.02344,12619289
3/29/22,70000,70300,69800,70200,66805.83594,13686208
3/30/22,70300,70500,69800,69900,66864.20313,12670187
3/31/22,69900,70200,69600,69600,66577.21875,12510366
4/1/22,69500,69500,69000,69100,66098.94531,15916846
4/4/22,68900,69300,68600,69300,66290.25781,11107905
4/5/22,69400,69600,69100,69200,66194.60938,8467248
4/6/22,68600,68800,68500,68500,65524.99609,15517308
4/7/22,68500,68500,68000,68000,65046.70703,20683327
4/8/22,68100,68300,67700,67800,64855.41016,15453191
4/11/22,67800,68100,67400,67900,64951.0625,12263735
4/12/22,67600,67700,67000,67000,64090.14844,13924389
4/13/22,67300,69000,67200,68700,65716.3125,17378619
4/14/22,68700,68700,67500,67500,64568.43359,16409494
4/15/22,67200,67300,66500,66600,63707.51563,13176415
4/18/22,66500,67100,66100,66700,63803.18359,10119203
4/19/22,67100,68000,67000,67300,64377.11719,12959434
4/20/22,67000,67400,66500,67400,64472.78906,16693293
4/21/22,67600,68300,67500,67700,64759.75,12847448
4/22/22,67200,67300,66700,67000,64090.14844,11791478
4/25/22,66500,66700,66300,66300,63420.54297,11016474
4/26/22,66400,66700,66100,66100,63229.23828,12946923
4/27/22,65400,65500,64900,65000,62177.01172,18122084
4/28/22,65400,65500,64500,64800,61985.69922,16895527
4/29/22,65100,67600,65000,67400,64472.78906,26190390
5/2/22,66600,67600,66500,67300,64377.11719,14106184
5/3/22,67400,68400,67300,67500,64568.43359,14168875
5/4/22,68000,68400,67500,67900,64951.0625,11505248
5/6/22,67000,67100,66500,66500,63611.85938,14356156
5/10/22,65900,66300,65300,65700,62846.60938,17235605
5/11/22,65500,66300,65200,65700,62846.60938,12330920
5/12/22,65200,65500,64900,64900,62081.35156,16414188
5/13/22,65300,66700,65200,66500,63611.85938,14551536
5/16/22,67100,67400,66100,66300,63420.54297,11937555
5/17/22,66600,67900,66600,67600,64664.08984,15680447
5/18/22,68300,68700,67600,68100,65142.375,16486319
5/19/22,66500,67600,66500,67500,64568.43359,17073727
5/20/22,67800,68400,67700,68000,65046.70703,12109671
5/23/22,68800,68800,67600,67900,64951.0625,13684088
5/24/22,67500,67700,66500,66500,63611.85938,15482576
5/25/22,66700,67100,65900,66400,63516.19922,15150490
5/26/22,66300,67200,65500,65900,63037.92578,15970890
5/27/22,66700,66900,66200,66500,63611.85938,11405555
5/30/22,67500,67800,66900,67700,64759.75,14255484
5/31/22,67500,67500,66700,67400,64472.78906,24365002
6/2/22,66600,67000,66400,66700,63803.18359,14959443
6/3/22,67200,67300,66800,66800,63898.83203,8222883
6/7/22,66200,66400,65400,65500,62655.29297,19355755
6/8/22,65400,65700,65300,65300,62463.97656,12483180
6/9/22,65100,65200,64500,65200,62368.32813,25790725
6/10/22,64000,64400,63800,63800,61029.12891,22193552
6/13/22,62400,62800,62100,62100,59402.95703,22157816
6/14/22,61200,62200,61100,61900,59211.64453,24606419
6/15/22,61300,61500,60200,60700,58063.76172,26811224
6/16/22,61300,61800,60500,60900,58255.07422,23394895
6/17/22,59400,59900,59400,59800,57202.85547,29053450
6/20/22,59800,59900,58100,58700,56150.625,34111306
6/21/22,58700,59200,58200,58500,55959.30859,25148109
6/22/22,59000,59100,57600,57600,55098.39453,23334687
6/23/22,57700,58000,56800,57400,54907.08203,28338608
6/24/22,57900,59100,57700,58400,55863.64844,23256103
6/27/22,59000,59900,58300,58800,56246.28516,18122236
6/28/22,59200,59500,58700,59400,56820.22266,13540538
6/29/22,58500,58800,58000,58000,55820.27344,14677138
6/30/22,57200,57600,57000,57000,54857.85547,18915142
7/1/22,56900,57500,55900,56200,54087.91406,24982097
7/4/22,56100,57400,55700,57100,54954.09375,17807126
7/5/22,57600,58200,57200,57200,55050.33594,14216539
7/6/22,57300,57300,56400,56400,54280.40625,16820461
7/7/22,56400,58700,56300,58200,56012.75391,21322833
7/8/22,58600,59300,58200,58700,56493.96094,15339271
7/11/22,59300,59600,58700,58800,56590.20313,13042624
7/12/22,58600,58700,58100,58100,55916.51563,9336061
7/13/22,58300,58600,58000,58000,55820.27344,10841315
7/14/22,57500,58200,57400,57500,55339.05859,15067012
7/15/22,58400,60000,58100,60000,57745.10547,18685583
7/18/22,60600,62000,60500,61900,59573.70313,20832517
7/19/22,61400,61500,60200,60900,58611.28125,15248261
7/20/22,61800,62100,60500,60500,58226.31641,16782238
7/21/22,61100,61900,60700,61800,59477.46094,12291374
7/22/22,61800,62200,61200,61300,58996.25391,10261310
7/25/22,60900,61900,60800,61100,58803.76563,9193681
7/26/22,60800,61900,60800,61700,59381.21484,6597211
7/27/22,61300,61900,61200,61800,59477.46094,7320997
7/28/22,62300,62600,61600,61900,59573.70313,10745302
7/29/22,62400,62600,61300,61400,59092.49609,15093120
8/1/22,61000,61700,60300,61300,58996.25391,13154816
8/2/22,61200,61900,61000,61700,59381.21484,13614895
8/3/22,61600,61600,61000,61300,58996.25391,10053861
8/4/22,61700,61800,61200,61500,59188.73828,9125439
8/5/22,61700,61900,61200,61500,59188.73828,9567620
8/8/22,61400,61400,60600,60800,58515.03906,11313150
8/9/22,60600,60700,59600,60000,57745.10547,18251170
8/10/22,58900,59200,58600,59100,56878.92969,18084349
8/11/22,59600,60000,59300,59900,57648.85938,15141941
8/12/22,59500,60700,59400,60200,57937.59375,10786658
8/16/22,60500,61600,60300,61000,58707.52344,15036727
8/17/22,61100,61200,60300,60400,58130.07422,9061518
8/18/22,60300,61900,60000,61500,59188.73828,16372754
8/19/22,61400,61600,60600,60900,58611.28125,6923679
8/22/22,60300,60400,59800,60000,57745.10547,8259865
8/23/22,59000,59600,59000,59100,56878.92969,9041629
8/24/22,59200,59500,59000,59000,56782.69141,8888486
8/25/22,59200,59700,59000,59700,57456.38281,5767902
8/26/22,60300,60900,59900,60000,57745.10547,9499995
8/29/22,58700,58900,58600,58600,56397.72266,9841329
8/30/22,58700,59000,58300,58800,56590.20313,9690044
8/31/22,58200,59900,58200,59700,57456.38281,14203512
9/1/22,58700,58900,58300,58400,56205.23438,14905777
9/2/22,58300,58600,57500,57500,55339.05859,15040310
9/5/22,57400,57800,56800,57100,54954.09375,11425977
9/6/22,57200,57600,56900,57100,54954.09375,7503086
9/7/22,56700,56700,55900,56000,53895.43359,17384854
9/8/22,56200,56400,55600,55600,53510.46875,18000016
9/13/22,57000,58500,56800,58100,55916.51563,17166581
9/14/22,56200,57200,56100,56800,54665.36719,12524961
9/15/22,57000,57100,56000,56000,53895.43359,11664819
9/16/22,55600,56400,55500,56200,54087.91406,13456503
9/19/22,56300,57000,56000,56400,54280.40625,12278653
9/20/22,56400,57000,55800,55800,53702.95313,14041465
9/21/22,55400,55500,55000,55300,53221.74219,11863700
9/22/22,54600,54700,54300,54400,52355.5625,12786510
9/23/22,54400,54900,54200,54500,52451.80469,10555964
9/26/22,53700,54200,53600,53900,51874.35547,15008449
9/27/22,53800,54200,53500,54200,52163.07813,16631289
9/28/22,53900,54400,52500,52900,50911.9375,19991129
9/29/22,53300,53700,52600,52600,50971.04688,13882080
9/30/22,52300,53600,51800,53100,51455.5625,22503249
10/4/22,55300,55400,54500,55200,53490.52734,19148435
10/5/22,56900,57200,55400,56000,54265.75391,22458970
10/6/22,56700,57300,56300,56300,54556.46094,14944446
10/7/22,55900,56900,55200,56200,54459.55859,16886813
10/11/22,54400,55700,54000,55400,53684.33203,21437877
10/12/22,55700,57000,55200,55800,54071.94922,18408910
10/13/22,55400,56100,55200,55200,53490.52734,13784602
10/14/22,56200,56500,55800,56300,54556.46094,12924326
10/17/22,55800,57000,55700,56600,54847.17188,13641878
10/18/22,56700,57100,55800,56500,54750.26953,14820702
10/19/22,56700,56900,55700,55800,54071.94922,12660652
10/20/22,55200,56000,55100,55500,53781.24219,17107653
10/21/22,55100,56300,55100,55900,54168.85156,11456060
10/24/22,57000,57500,56700,57500,55719.29688,16944503
10/25/22,57000,58600,57000,57700,55913.10938,17405678
10/26/22,58000,59600,57700,59400,57560.46094,20824967
10/27/22,59700,60100,58900,59500,57657.35938,21756712
10/28/22,58900,59200,57200,57300,55525.49609,20924937
10/31/22,58100,59900,58000,59400,57560.46094,18999514
11/1/22,59900,60300,59500,60000,58141.87891,17201647
11/2/22,59700,60000,59300,59600,57754.26172,13202919
11/3/22,58600,59800,58100,59200,57366.65234,17492162
11/4/22,59100,59500,58400,59400,57560.46094,12445841
11/7/22,59700,60300,59400,60200,58335.6875,12437246
11/8/22,60500,61900,60500,61800,59886.13672,18273898
11/9/22,62000,62200,61300,62000,60079.94141,14045592
11/10/22,61400,61500,60400,60400,58529.49219,21087633
11/11/22,63100,63200,62300,62900,60952.07031,20037163
11/14/22,62900,62900,61700,61900,59983.03906,15973416
11/15/22,62200,62500,61600,62400,60467.55469,12310986
11/16/22,62400,62700,61700,62700,60758.26172,12909260
11/17/22,62000,62000,61300,61400,59498.52734,13298296
11/18/22,61800,62400,61400,61800,59886.13672,12236503
11/21/22,61400,61800,60800,61400,59498.52734,9378097
11/22/22,60900,61200,60300,60600,58723.29688,9411289
11/23/22,61200,61300,60700,61000,59110.90625,8765050
11/24/22,61200,61700,60900,61400,59498.52734,8125010
11/25/22,61400,61700,60800,61000,59110.90625,6677933
11/28/22,60500,60500,59800,60100,58238.78125,8589032
11/29/22,59900,60600,59800,60600,58723.29688,7014160
11/30/22,60400,62200,60200,62200,60273.74609,19768903
12/1/22,63100,63200,62300,62600,60661.35938,16631445
12/2/22,62500,62500,60400,60400,58529.49219,15331184
12/5/22,60900,61100,60000,60300,58432.58984,13767787
12/6/22,59800,60100,59200,59200,57366.65234,13888300
12/7/22,58800,59600,58500,58900,57075.94531,12100662
12/8/22,58700,59200,58600,59200,57366.65234,12986815
12/9/22,59300,60600,59300,60400,58529.49219,10529632
12/12/22,59900,60000,59400,59500,57657.35938,9036472
12/13/22,59600,60300,59400,59700,57851.17188,9040873
12/14/22,59800,60600,59800,60500,58626.39453,8207485
12/15/22,59800,60200,59300,59300,57463.55859,8716039
12/16/22,58300,59500,58300,59500,57657.35938,13033596
12/19/22,59500,59900,59100,59500,57657.35938,7696187
12/20/22,59000,59100,58500,58600,56785.23828,9284761
12/21/22,58700,59100,58000,58000,56203.82031,10356971
12/22/22,58100,59100,58100,59100,57269.75,10720630
12/23/22,58200,58400,57700,58100,56300.72266,9829407
12/26/22,58000,58100,57700,57900,56106.91406,6756411
12/27/22,58000,58400,57900,58100,56300.72266,10667027
12/28/22,57600,57600,56400,56600,55190.08984,14665410
12/29/22,56000,56200,55300,55300,53922.47656,11295935
1/2/23,55500,56100,55200,55500,54117.49609,10031448
1/3/23,55400,56000,54500,55400,54019.98438,13547030
1/4/23,55700,58000,55600,57800,56360.19922,20188071
1/5/23,58200,58800,57600,58200,56750.23047,15682826
1/6/23,58300,59400,57900,59000,57530.30859,17334989
1/9/23,59700,60700,59600,60700,59187.95703,18640107
1/10/23,60200,61100,59900,60400,58895.43359,14859797
1/11/23,61000,61200,60300,60500,58992.94141,12310751
1/12/23,61100,61200,59900,60500,58992.94141,16102561
1/13/23,60500,61200,60400,60800,59285.46875,12510328
1/16/23,61300,61600,60800,61100,59577.99609,10039972
1/17/23,61200,61500,60600,61000,59480.48828,9831456
1/18/23,60700,61000,59900,60400,58895.43359,11584041
1/19/23,60500,61500,60400,61500,59968.03516,12808490
1/20/23,62100,62300,61100,61800,60260.55859,9646327
1/25/23,63500,63700,63000,63300,61723.19531,39217
1/26/23,63800,63900,63300,63800,62210.73828,54188
1/27/23,64400,65000,63900,64600,62990.8125,44282
1/30/23,64900,64900,63100,63300,61723.19531,59628
1/31/23,63500,63700,61000,61400,59870.52734,163847
2/1/23,62600,62700,61000,61000,59480.48828,98585
2/2/23,63200,63900,62600,63500,61918.21094,65992
2/3/23,63900,64000,63000,63500,61918.21094,47567
2/6/23,62800,63000,61600,61600,60065.53906,144104
2/7/23,61900,62500,61600,62000,60455.57813,32873
2/8/23,62800,63300,62400,63100,61528.17969,42558
2/9/23,63000,63300,62300,63300,61723.19531,48035
2/10/23,62600,63000,62400,62900,61333.16016,44786
2/13/23,62900,63000,62300,62900,61333.16016,59395
2/14/23,63600,63900,63200,63200,61625.6875,70606
2/15/23,63900,63900,62000,62200,60650.59375,58370
2/16/23,62500,63700,62400,63700,62113.23047,41448
2/17/23,62900,63300,62400,62600,61040.62891,28613
2/20/23,62900,63000,61800,62700,61138.14063,29846
2/21/23,62700,62800,62000,62100,60553.08594,60971
2/22/23,61500,61800,61000,61100,59577.99609,39178
2/23/23,61700,62500,61500,62000,60455.57813,37145
2/24/23,62300,62600,61300,61300,59773.01563,50792
2/27/23,60800,60800,60200,60500,58992.94141,11155697
2/28/23,60800,61400,60500,60600,59090.45313,13715861
3/2/23,60900,61800,60500,60800,59285.46875,13095682
3/3/23,61000,61200,60500,60500,58992.94141,10711405
3/6/23,61100,61600,60800,61500,59968.03516,13630602
3/7/23,61400,61400,60700,60700,59187.95703,11473280
3/8/23,60100,60500,59900,60300,58797.92578,14161857
3/9/23,60500,60800,59900,60100,58602.90234,14334499
3/10/23,59500,59700,59100,59500,58017.85156,11902471
3/13/23,59900,60200,59300,60000,58505.39453,12779724
3/14/23,59400,59500,59000,59000,57530.30859,12147346
3/15/23,60000,60300,59600,59800,58310.38281,10482149
3/16/23,59200,60200,59100,59900,58407.88281,10611939
3/17/23,60800,61300,60600,61300,59773.01563,14090110
3/20/23,61100,61200,60200,60200,58700.41797,9618009
3/21/23,60500,60700,60100,60300,58797.92578,8318514
3/22/23,61000,61200,60500,61100,59577.99609,8978591
3/23/23,60600,62300,60600,62300,60748.10547,15381057
3/24/23,62700,63300,62300,63000,61430.66797,18278602
3/27/23,62600,62800,62000,62100,60553.08594,11039331
3/28/23,62400,62900,62100,62900,61333.16016,11614118
3/29/23,62500,62700,62200,62700,61138.14063,11216008
3/30/23,63700,63700,63100,63200,61982.55469,15684377
3/31/23,64000,64000,63700,64000,62767.14453,14094479
4/3/23,64000,64000,63000,63100,61884.48438,11973133
4/4/23,63400,63800,62800,63600,62374.84766,11120514
4/5/23,63700,64000,63400,63900,62669.07031,9176149
4/6/23,63500,63600,62300,62300,61099.89453,14992747
4/7/23,63800,65200,63800,65000,63747.87891,27476120
4/10/23,64800,66300,64700,65700,64434.39844,18777166
4/11/23,66200,66200,65400,65900,64630.54297,16323183
4/12/23,65800,66200,65300,66000,64728.61719,15021313
4/13/23,65600,66100,65400,66100,64826.69141,15091022
4/14/23,66600,66600,65000,65100,63845.95313,16176490
4/17/23,65000,65600,64700,65300,64042.10156,13486618
4/18/23,65900,66000,64800,65600,64336.32422,14802060
4/19/23,65500,65800,65300,65500,64238.25,10255985
4/20/23,65100,65300,64600,65300,64042.10156,9501169
4/21/23,65800,65900,65400,65700,64434.39844,10538622
4/24/23,65300,65700,64800,65200,63944.02734,12986581
4/25/23,65300,65400,63400,63600,62374.84766,16193271
4/26/23,63600,64300,63300,64100,62865.21875,12664541
4/27/23,64100,65000,63300,64600,63355.58203,14779601
4/28/23,65200,65900,65000,65500,64238.25,19699481
5/2/23,66000,66300,65100,65700,64434.39844,14396948
5/3/23,65100,65600,64900,65400,64140.17578,8876749
5/4/23,65600,65700,64700,65100,63845.95313,9791064
5/8/23,66300,66300,65400,65900,64630.54297,9405365
5/9/23,65800,65800,65100,65300,64042.10156,9366861
5/10/23,65500,65500,64300,64600,63355.58203,13057727
5/11/23,64700,65100,64200,64200,62963.28906,11648905
5/12/23,63700,64600,63600,64100,62865.21875,8693913
5/15/23,64100,64600,63900,64500,63257.51563,8172021
5/16/23,65800,65900,65300,65400,64140.17578,12334657
5/17/23,65900,65900,64800,65000,63747.87891,10745504
5/18/23,66000,66200,65700,66200,64924.75781,14431704
5/19/23,67800,68400,67500,68400,67082.38281,20349345
5/22/23,68400,69000,68000,68500,67180.46094,14470308
5/23/23,68500,68700,68100,68400,67082.38281,8561643
5/24/23,68100,68700,68000,68500,67180.46094,8192896
5/25/23,69900,70000,68700,68800,67474.67969,14231160
5/26/23,69800,70400,69500,70300,68945.78906,19549511
5/30/23,71300,72300,71200,72300,70907.25781,27476897
5/31/23,72400,72500,71000,71400,70024.58594,25666087
6/1/23,70900,71600,70600,70900,69534.21875,14669296
6/2/23,71700,72200,71600,72200,70809.17969,12161798
6/5/23,72700,72700,71400,71700,70318.8125,12686829
6/7/23,71300,71600,70800,71000,69632.30469,14796613
6/8/23,70400,70900,70000,70900,69534.21875,19165568
6/9/23,71100,72300,70800,72000,70613.03906,15050209
6/12/23,72100,72400,70800,71000,69632.30469,12064287
6/13/23,71700,72200,71600,72000,70613.03906,13227285
6/14/23,72100,72200,71100,71900,70514.96875,12541046
6/15/23,72100,72300,71300,71500,70122.67188,13614994
6/16/23,71800,71900,70900,71800,70416.89063,15373696
6/19/23,71300,71700,70900,71200,69828.4375,11100887
6/20/23,70700,71400,70400,71400,70024.58594,11557883
6/21/23,70700,71200,70400,70500,69141.92969,10626603
6/22/23,70200,71500,70100,71300,69926.52344,11411007
6/23/23,72000,72200,71600,71600,70220.74219,12329484
6/26/23,71700,72500,71500,72400,71005.33594,10541901
6/27/23,72500,72600,72000,72600,71201.47656,9442997
6/28/23,72600,72700,72000,72700,71299.55469,8783093
6/29/23,73100,73400,72400,72400,71359.67969,12229967
6/30/23,72500,72700,71700,72200,71162.54688,11694765
7/3/23,72700,73200,72600,73000,71951.05469,10722181
7/4/23,73400,73600,72900,73000,71951.05469,10214350
7/5/23,73000,73300,71900,72000,70965.42188,12310610
7/6/23,71900,72400,71500,71600,70571.16406,14777667
7/7/23,71100,71400,69800,69900,68895.60156,17308877
7/10/23,70000,70400,69200,69500,68501.34375,11713926
7/11/23,70200,71500,70100,71500,70472.60156,12177392
7/12/23,71200,72000,71100,71900,70866.85156,10375581
7/13/23,72400,72600,71900,71900,70866.85156,14417279
7/14/23,72500,73400,72400,73400,72345.30469,15882519
7/17/23,73200,73500,72800,73300,72246.74219,10060049
7/18/23,73200,73500,72000,72000,70965.42188,11697900
7/19/23,72700,72800,71300,71700,70669.72656,10896412
7/20/23,71100,71500,70800,71000,69979.79688,9732730
7/21/23,70400,70400,69400,70300,69289.85156,16528926
7/24/23,70100,70900,69900,70400,69388.41406,13418597
7/25/23,70000,70500,69800,70000,68994.16406,14314945
7/26/23,69800,70600,68100,69800,68797.03125,30016221
7/27/23,69900,71700,69300,71700,70669.72656,24261179
7/28/23,71800,72400,70100,70600,69585.53906,19420683
7/31/23,70900,71000,69800,69800,68797.03125,13035420
8/1/23,70100,71200,70000,71100,70078.35938,12299254
8/2/23,70700,71000,69800,69900,68895.60156,13835020
8/3/23,69900,70200,68500,68800,67811.39844,20087090
8/4/23,68800,69100,68200,68300,67318.58594,12360193
8/7/23,67700,69200,67600,68500,67515.71094,10968505
8/8/23,69000,69100,67400,67600,66628.64063,14664709
8/9/23,68000,69600,67900,68900,67909.96875,17259673
8/10/23,68300,68500,67800,68000,67022.89844,10227311
8/11/23,68400,68800,67500,67500,66530.07813,9781038
8/14/23,67500,67900,66900,67300,66332.96094,9352343
8/16/23,66700,67100,66300,67000,66037.27344,13174578
8/17/23,66300,66800,66000,66700,65741.57813,10778652
8/18/23,66000,66700,65800,66300,65347.32422,11745006
8/21/23,66600,67100,66300,66600,65643.01563,9720067
8/22/23,67200,67700,66300,66600,65643.01563,10500242
8/23/23,66700,67100,66400,67100,66135.83594,9549352
8/24/23,68300,68700,67900,68200,67220.02344,15044463
8/25/23,67100,67400,66900,67100,66135.83594,7032462
8/28/23,66800,67000,66500,66800,65840.14844,5824628
8/29/23,66900,67200,66600,66800,65840.14844,9114352
8/30/23,67300,67700,67100,67100,66135.83594,9181223
8/31/23,67100,67200,66400,66900,65938.71094,15964630
9/1/23,66800,71000,66700,71000,69979.79688,29738235
9/4/23,72900,72900,70700,71200,70176.92188,26286495
9/5/23,70900,71500,70200,70700,69684.10156,12330239
9/6/23,70700,70800,69700,70000,68994.16406,11414620
9/7/23,70000,70600,69600,70400,69388.41406,13741241
9/8/23,70200,70300,69600,70300,69289.85156,10688118
9/11/23,70400,70800,70000,70800,69782.66406,11785462
9/12/23,70800,71000,70400,70500,69486.97656,11688599
9/13/23,71100,71600,70300,70900,69881.22656,15955797
9/14/23,71200,71800,70800,71700,70669.72656,21041407
9/15/23,71700,72300,71400,72000,70965.42188,17823512
9/18/23,71300,71700,70200,70200,69191.28906,16040727
9/19/23,70400,70800,69600,69800,68797.03125,11820188
9/20/23,70000,70300,69500,69600,68599.90625,10873015
9/21/23,69200,69800,68800,68900,67909.96875,10796336
9/22/23,68300,68900,68300,68800,67811.39844,9897840
9/25/23,68500,69700,68500,69400,68402.78125,13582516
9/26/23,70000,70000,68400,68600,67967.82813,13143470
9/27/23,68600,69100,68200,68400,67769.67188,14886491
10/4/23,67400,67700,66700,67500,66877.96094,23361149
10/5/23,67300,67400,66700,66700,66085.33594,16108313
10/6/23,67100,67300,66000,66000,65391.78906,14386527
10/10/23,66200,67600,66200,66400,65788.10156,19889202
10/11/23,68600,69400,67900,68200,67571.51563,25209349
10/12/23,68600,69700,68200,68900,68265.07031,19311380
10/13/23,68000,68500,67700,68000,67373.35938,9724086
10/16/23,67900,68500,66800,67300,66679.8125,12599299
10/17/23,67700,69900,67400,69400,68760.45313,17299253
10/18/23,68900,70500,68800,70500,69850.32031,16493184
10/19/23,69700,70000,69400,69500,68859.53125,13985012
10/20/23,68900,69200,68100,68800,68165.98438,15204495
10/23/23,68700,69100,68200,68400,67769.67188,11625959
10/24/23,68700,68800,67700,68500,67868.75,12791710
10/25/23,68800,68800,67900,68000,67373.35938,10610703
10/26/23,67000,67900,66700,66700,66085.33594,15517624
10/27/23,67100,67300,66700,67300,66679.8125,11334726
10/30/23,66800,67800,66700,67300,66679.8125,10139270
10/31/23,67600,68300,66900,66900,66283.5,14488892
11/1/23,67500,68900,67300,68600,67967.82813,13775256
11/2/23,70000,70000,69400,69700,69057.6875,16350031
11/3/23,69700,70200,69500,69600,68958.60938,10322234
11/6/23,69800,70900,69300,70900,70246.63281,22228489
11/7/23,70600,70900,70000,70900,70246.63281,17228731
11/8/23,71300,71400,69700,69900,69255.85156,12901310
11/9/23,69900,70800,69600,70300,69652.16406,12301373
11/10/23,70000,70500,69500,70500,69850.32031,9684347
11/13/23,71300,71300,70300,70400,69751.24219,9246919
11/14/23,71000,71100,70600,70800,70147.55469,9567984
11/15/23,71600,72200,71500,72200,71534.65625,20148677
11/16/23,72500,73000,72300,72800,72129.125,15860451
11/17/23,72300,73000,72300,72500,71831.89063,11494644
11/20/23,72100,73000,72100,72700,72030.04688,10610157
11/21/23,73100,73400,72700,72800,72129.125,9712881
11/22/23,72200,73000,71900,72800,72129.125,11105143
11/23/23,73000,73200,72200,72400,71732.8125,6775614
11/24/23,72400,72600,71700,71700,71039.25781,6676685
11/27/23,71500,72100,71100,71300,70642.94531,9113857
11/28/23,71400,72700,71300,72700,72030.04688,13283081
11/29/23,72400,72800,72200,72700,72030.04688,9283933
11/30/23,72700,72800,72200,72800,72129.125,15783714
12/1/23,72400,72500,71700,72000,71336.5,9871284
12/4/23,72800,72900,72400,72600,71930.96875,10229267
12/5/23,72300,72400,71200,71200,70543.875,12129682
12/6/23,71800,72100,71600,71700,71039.25781,8123087
12/7/23,71800,71900,71100,71500,70841.10156,8862017
12/8/23,72100,72800,71900,72600,71930.96875,10859463
12/11/23,72800,73000,72200,73000,72327.28125,9861960
12/12/23,73300,73500,73100,73500,72822.67188,13758646
12/13/23,73300,73500,72800,72800,72129.125,13116766
12/14/23,74100,74300,72500,73100,72426.36719,27567593
12/15/23,73800,74000,73200,73300,72624.51563,15419815
12/18/23,73300,73400,72800,72900,72228.20313,9690551
12/19/23,73000,73400,72800,73400,72723.59375,8907632
12/20/23,74200,74900,73800,74800,74110.69531,16870156
12/21/23,74600,75000,74300,75000,74308.85156,13478766
12/22/23,75800,76300,75400,75900,75200.55469,14515608
12/26/23,76100,76700,75700,76600,75894.10938,13164909
12/27/23,76700,78000,76500,78000,77647.14063,20651042
12/28/23,77700,78500,77500,78500,78144.88281,17797536
1/2/24,78200,79800,78200,79600,79239.90625,17142847
1/3/24,78500,78800,77000,77000,76651.66406,21753644
1/4/24,76100,77300,76100,76600,76253.47656,15324439
1/5/24,76700,77100,76400,76600,76253.47656,11304316
1/8/24,77000,77500,76400,76500,76153.92969,11088724
1/9/24,77400,77700,74300,74700,74362.07031,26019249
1/10/24,75000,75200,73200,73600,73267.04688,20259529
1/11/24,72900,73600,72700,73200,72868.85938,57691266
1/12/24,73000,74100,72800,73100,72769.3125,13038939
1/15/24,73200,74000,73200,73900,73565.6875,2957915
1/16/24,73500,73700,72500,72600,72271.57031,14760415
1/17/24,73100,73300,71000,71000,70678.8125,22683660
1/18/24,71600,72000,70700,71700,71375.64063,17853397
1/19/24,73500,74700,73000,74700,74362.07031,23363427
1/22/24,75900,76000,75000,75100,74760.25781,19673375
1/23/24,75700,75800,74300,75200,74859.8125,14786224
1/24/24,75200,75200,73500,74000,73665.23438,12860661
1/25/24,74200,74800,73700,74100,73764.78906,11737747
1/26/24,73700,74500,73300,73400,73067.95313,11160062
1/29/24,73800,75200,73500,74400,74063.42969,13976521
1/30/24,75000,75300,73700,74300,73963.88281,12244418
1/31/24,73400,74000,72500,72700,72371.11719,15703560
2/1/24,73000,74200,72900,73600,73267.04688,19881033
2/2/24,74000,75200,73700,75200,74859.8125,14955881
2/5/24,74200,74800,73500,74300,73963.88281,19026021
2/6/24,74300,74700,73300,74400,74063.42969,14559254
2/7/24,74600,75500,74300,75000,74660.71094,16566445
2/8/24,75000,75200,73600,74100,73764.78906,20810708
2/13/24,74800,75200,74400,75200,74859.8125,21966745
2/14/24,73700,74300,73700,74000,73665.23438,12434945
2/15/24,74200,74400,73000,73200,72868.85938,14120600
2/16/24,73300,73400,72500,72800,72470.66406,13444781
2/19/24,72800,73900,72800,73800,73466.14063,12726404
2/20/24,73700,73700,72800,73300,72968.40625,14681477
2/21/24,73400,73700,72900,73000,72669.75781,11503495
2/22/24,73800,73900,72700,73100,72769.3125,15208934
2/23/24,73600,74200,72900,72900,72570.21094,16225166
2/26/24,72300,73200,72200,72800,72470.66406,14669352
2/27/24,73100,73400,72700,72900,72570.21094,13201981
2/28/24,72900,73900,72800,73200,72868.85938,11795859
2/29/24,72600,73400,72000,73400,73067.95313,21176403
3/4/24,74300,75000,74000,74900,74561.16406,23210474
3/5/24,74600,74800,73700,73700,73366.59375,19505125
3/6/24,73200,73500,72700,72900,72570.21094,21547905
3/7/24,73100,73300,72200,72200,71873.38281,14516963
3/8/24,72800,73400,72600,73300,72968.40625,19271349
3/11/24,72900,73100,72300,72400,72072.47656,9740504
3/12/24,72600,73500,72100,73300,72968.40625,13011654
3/13/24,73700,74100,73500,74100,73764.78906,15243134
3/14/24,74400,74500,73600,74300,73963.88281,22545539
3/15/24,73400,73700,72300,72300,71972.92969,22580555
3/18/24,72600,73000,72500,72800,72470.66406,11520348
3/19/24,72300,73000,71700,72800,72470.66406,15376066
3/20/24,73700,77200,73400,76900,76552.11719,50106297
3/21/24,79200,79300,77700,79300,78941.25781,44569799
3/22/24,79600,79900,77800,78900,78543.07031,26724761
3/25/24,79600,79800,77800,78200,77846.23438,18703996
3/26/24,79700,80100,79200,79900,79538.54688,30551494
3/27/24,79200,80000,79200,79800,79439,17424595
3/28/24,79400,81000,79200,80800,80800,25084812
3/29/24,81200,82500,80900,82400,82400,27126366
4/1/24,83200,83300,82000,82000,82000,20116513
4/2/24,82900,85000,82900,85000,85000,37077944
4/3/24,84300,85000,83500,84100,84100,30493347
4/4/24,85200,85500,84300,85300,85300,25248934
4/5/24,84500,85000,83800,84500,84500,18883752
4/8/24,85200,86000,84500,84500,84500,18953232
4/9/24,84500,84900,83100,83600,83600,23725956
4/11/24,83200,84700,82500,84100,84100,25538009
4/12/24,84700,84900,83200,83700,83700,17061770
4/15/24,82900,83200,81200,82200,82200,26663772
4/16/24,81200,81300,79400,80000,80000,31949845
4/17/24,80700,80800,78900,78900,78900,22611631
4/18/24,78800,80100,78300,79600,79600,21370190
4/19/24,78300,78700,76300,77600,77600,31317563
4/22/24,77400,77500,75100,76100,76100,30469477
4/23/24,76400,76800,75500,75500,75500,18717699
4/24/24,77500,78800,77200,78600,78600,22166150
4/25/24,77300,77500,76300,76300,76300,15549134
4/26/24,77800,77900,76500,76700,76700,12755629
4/29/24,77400,77600,76200,76700,76700,14664474
4/30/24,77000,78500,76600,77500,77500,19007007
5/2/24,77600,78600,77300,78000,78000,18900640
5/3/24,79000,79000,77500,77600,77600,13151889
5/7/24,79600,81300,79400,81300,81300,26238868
5/8/24,80800,81400,80500,81300,81300,13089576
5/9/24,81100,81500,79700,79700,79700,18759935
5/10/24,80400,81100,78900,79200,79200,16976124
5/13/24,79400,79900,77600,78400,78400,18652344
5/14/24,78600,78800,77900,78300,78300,11763992
5/16/24,80200,80300,78100,78200,78200,20989778
5/17/24,78600,78800,77200,77400,77400,15918201
5/20/24,78100,79100,77900,78900,78900,19456783
5/21/24,78500,79000,78200,78400,78400,13690583
5/22/24,78100,78700,77300,77700,77700,19521506
5/23/24,77700,79100,77100,78300,78300,18728087
5/24/24,76800,77000,75700,75900,75900,27891278
5/27/24,75300,78200,74000,77200,77200,43825202
5/28/24,76500,78000,76200,77600,77600,18539072
5/29/24,77700,78200,75200,75200,75200,30244875
5/30/24,74800,75200,73500,73500,73500,28551273
5/31/24,74500,74700,73500,73500,73500,26198776
6/3/24,74400,76400,74200,75700,75700,15706268
6/4/24,74900,76100,74900,75300,75300,14098053
6/5/24,78000,78000,76800,77400,77400,23177968
6/7/24,78400,78600,77100,77300,77300,21189349
6/10/24,76100,76600,75600,75700,75700,14598755
6/11/24,75900,76000,75100,75200,75200,16971175
6/12/24,75300,77100,75200,76500,76500,19246725
6/13/24,78400,79000,77800,78600,78600,33763804